c_function,c_file,c_line,c_signature,tool_claim,tool_claim_resolved,tool_claim_status,tool_claim_defined_in_rust,tool_verifi_tag,name_eq,matcher_forced,matcher_forced_score,matcher_forced_conf,matcher_deploy,prior,truth,truth_note
lodepng_malloc,lodepng.c,74,(size: size_t) -> void *,mbstowcs;wcstombs,mbstowcs,CLAIMED,yes,Fixed_1_Compile_Failed,lodepng_malloc,lodepng_malloc,0.266,-0.203,ABSTAIN,CONFLICT,STUB:lodepng_malloc,"STUB: PtrTrans lodepng crate is a stub crate; this Rust fn is the tool's designated slot for the C fn (name/signature/doc comment cite it) but its body is an empty placeholder. Convert to NONE if strict 'implements' is required. C lodepng.c:74 malloc wrapper. src/lodepng.rs:661 `pub fn lodepng_malloc(size: usize) -> Option<&mut u8> { None }`. Rejected tool_claim mbstowcs [642] / wcstombs [653]: those are stubs of libc decls, unrelated."
lodepng_realloc,lodepng.c,82,"(ptr: void *, new_size: size_t) -> void *",atof,atof,CLAIMED,yes,Fixed_5_Compile_Failed,lodepng_realloc,bpmnode_sort,0.258,-0.082,ABSTAIN,CONFLICT,STUB:lodepng_realloc,"STUB: PtrTrans lodepng crate is a stub crate; this Rust fn is the tool's designated slot for the C fn (name/signature/doc comment cite it) but its body is an empty placeholder. Convert to NONE if strict 'implements' is required. C:82 realloc wrapper. src/lodepng.rs:611 doc 'Translation of: static void* lodepng_realloc(void* ptr, size_t new_size)', body returns None. Rejected tool_claim atof [590] (libc stub) and matcher_forced bpmnode_sort [1097] (stub for C bpmnode_sort:918, unrelated)."
lodepng_free,lodepng.c,89,(ptr: void *) -> void,lodepng_malloc;LODEPNG_VERSION_STRING,lodepng_malloc,CLAIMED,yes,Fixed_5_Compile_Failed,,uivector_init,0.157,-0.341,ABSTAIN,CONFLICT,NONE,"C:89 `static void lodepng_free(void* ptr) { free(ptr); }`. No Rust fn named lodepng_free/free anywhere (grep 'lodepng_free|fn free|drop(' over src/*.rs, src/common/*.rs: 0 hits). Rejected tool_claim lodepng_malloc [661] (different C fn), LODEPNG_VERSION_STRING (a static, common/lodepng_mod.rs:103 / lodepng.rs:660), matcher_forced uivector_init [880] (stub for C uivector_init:246)."
lodepng_memcpy,lodepng.c,120,"(dst: void *restrict, src: const void *restrict, size: size_t) -> void",lodepng_realloc,lodepng_realloc,CLAIMED,yes,Fixed_5_Compile_Failed,lodepng_memcpy,add_length_distance,0.184,-0.158,ABSTAIN,CONFLICT,STUB:lodepng_memcpy,"STUB: PtrTrans lodepng crate is a stub crate; this Rust fn is the tool's designated slot for the C fn (name/signature/doc comment cite it) but its body is an empty placeholder. Convert to NONE if strict 'implements' is required. C:120. src/lodepng.rs:541 doc 'Stub for the C function lodepng_memcpy', no-op; SECOND same-name definition src/lodepng.rs:595 doc cites the C:120 signature verbatim, also no-op (inventory keeps one entry). Rejected tool_claim lodepng_realloc [611] and matcher_forced add_length_distance [1204] (stub for C addLengthDistance:1461)."
lodepng_memset,lodepng.c,126,"(dst: void *restrict, value: int, num: size_t) -> void",,,ELIDED,,Free_Function,lodepng_memset,lodepng_memset,0.2,-0.162,ABSTAIN,tool-says-elided,AMBIGUOUS,"Two distinct-named stubs both designate C lodepng_memset:126 and neither has a body: (a) src/lodepng.rs:601 `lodepng_memset(dst, value, num)` doc 'Translation of: static void lodepng_memset(void* dst, int value, size_t num)', no-op; (b) src/lodepng.rs:568 `unnamed_loop_function(_dst, _num, _value)` doc quotes the ENTIRE memset body `for(i = 0; i < num; i++) ((char*)dst)[i] = (char)value;` (C:129), no-op. Preferred if one must be chosen: lodepng_memset [601] (exact name+signature). Both are empty -> STUB either way. Rejected tool_claim lodepng_memcpy [541]."
lodepng_strlen,lodepng.c,133,(a: const char *) -> size_t,lodepng_memcpy;lodepng_memset,lodepng_memcpy,CLAIMED,yes,Fixed_5_Compile_Failed,lodepng_strlen,lodepng_strlen,0.201,-0.251,ABSTAIN,CONFLICT,STUB:lodepng_strlen,"STUB: PtrTrans lodepng crate is a stub crate; this Rust fn is the tool's designated slot for the C fn (name/signature/doc comment cite it) but its body is an empty placeholder. Convert to NONE if strict 'implements' is required. C:133 (loop until NUL). src/lodepng.rs:559 `lodepng_strlen(a: Option<&str>) -> usize { 0 }`. Rejected tool_claim lodepng_memcpy [541], lodepng_memset [601]."
lodepng_addofl,lodepng.c,148,"(a: size_t, b: size_t, result: size_t *) -> int",unnamed_loop_function,unnamed_loop_function,CLAIMED,yes,Fixed_5_Compile_Failed,lodepng_addofl,lodepng_addofl,0.225,-0.132,ABSTAIN,CONFLICT,STUB:lodepng_addofl,"STUB: PtrTrans lodepng crate is a stub crate; this Rust fn is the tool's designated slot for the C fn (name/signature/doc comment cite it) but its body is an empty placeholder. Convert to NONE if strict 'implements' is required. C:148 `*result = a + b; return *result < a;`. src/lodepng.rs:751 `lodepng_addofl(a, b, result: &mut usize) -> u32 { 0 }`. Rejected tool_claim unnamed_loop_function [568]: its doc quotes the lodepng_memset loop, not addofl."
lodepng_mulofl,lodepng.c,157,"(a: size_t, b: size_t, result: size_t *) -> int",lodepng_strlen,lodepng_strlen,CLAIMED,yes,Fixed_2_Compile_Failed,lodepng_mulofl,lodepng_mulofl,0.205,-0.147,ABSTAIN,CONFLICT,STUB:lodepng_mulofl,"STUB: PtrTrans lodepng crate is a stub crate; this Rust fn is the tool's designated slot for the C fn (name/signature/doc comment cite it) but its body is an empty placeholder. Convert to NONE if strict 'implements' is required. C:157. src/lodepng.rs:1678 `lodepng_mulofl(a, b, out: &mut usize) -> u32 { 0 }`; second same-name def src/lodepng.rs:1683 `(line, h, total)` is a call-site-shaped stub. Rejected tool_claim lodepng_strlen [559]."
lodepng_gtofl,lodepng.c,164,"(a: size_t, b: size_t, c: size_t) -> int",lodepng_addofl,lodepng_addofl,CLAIMED,yes,Fixed_5_Compile_Failed,lodepng_gtofl,lodepng_gtofl,0.307,-0.047,ABSTAIN,CONFLICT,STUB:lodepng_gtofl,STUB: PtrTrans lodepng crate is a stub crate; this Rust fn is the tool's designated slot for the C fn (name/signature/doc comment cite it) but its body is an empty placeholder. Convert to NONE if strict 'implements' is required. C:164 `return a > b;` (with LODEPNG_MAX_ALLOC). src/lodepng.rs:664 `lodepng_gtofl(a: usize) -> u32 { 0 }`. Rejected tool_claim lodepng_addofl [751].
uivector_cleanup,lodepng.c,224,(p: void *) -> void,uivector;uivector_cleanup,uivector_cleanup,CLAIMED,yes,Fixed_5_Compile_Failed,uivector_cleanup,lodepng_unknown_chunks_init,0.153,-0.345,ABSTAIN,CONFLICT,STUB:uivector_cleanup,"STUB: PtrTrans lodepng crate is a stub crate; this Rust fn is the tool's designated slot for the C fn (name/signature/doc comment cite it) but its body is an empty placeholder. Convert to NONE if strict 'implements' is required. C:224. src/lodepng.rs:871 doc cites `static void uivector_cleanup(void* p)`, no-op; duplicate same-name def src/lodepng.rs:874. Rejected tool_claim lodepng_unknown_chunks_init [629] (unrelated stub)."
uivector_resize,lodepng.c,231,"(p: uivector *, size: size_t) -> unsigned int",uivector_cleanup;uivector_resize,uivector_cleanup,CLAIMED,yes,Fixed_5_Compile_Failed,uivector_resize,lodepng_state_copy,0.17,-0.188,ABSTAIN,CONFLICT,STUB:uivector_resize,"STUB: PtrTrans lodepng crate is a stub crate; this Rust fn is the tool's designated slot for the C fn (name/signature/doc comment cite it) but its body is an empty placeholder. Convert to NONE if strict 'implements' is required. C:231 (realloc data, set allocsize/size). src/lodepng.rs:877 `uivector_resize(p: Option<&mut c_void>, size: usize) -> u32 { 0 }`. Note: src/lodepng.rs:880 uivector_init's doc comment quotes a fragment of THIS function (`p->allocsize = newsize; p->data = (unsigned*)data;` C:236-238) but is named/aritied as uivector_init, so it is not the resize slot. Rejected tool_claim lodepng_state_copy, uivector_cleanup [871]."
uivector_init,lodepng.c,246,(p: uivector *) -> void,uivector_init,uivector_init,CLAIMED,yes,Fixed_5_Compile_Failed,uivector_init,getNumColorChannels,0.183,-0.353,ABSTAIN,CONFLICT,STUB:uivector_init,"STUB: PtrTrans lodepng crate is a stub crate; this Rust fn is the tool's designated slot for the C fn (name/signature/doc comment cite it) but its body is an empty placeholder. Convert to NONE if strict 'implements' is required. C:246 `p->data = NULL; p->size = p->allocsize = 0;`. src/lodepng.rs:880 `uivector_init(p: Option<&mut ()>)` no-op; name and arity match uivector_init, but its doc comment mis-cites a uivector_resize fragment. Rejected tool_claim getNumColorChannels [1461] (unrelated)."
uivector_push_back,lodepng.c,252,"(p: uivector *, c: unsigned int) -> unsigned int",uivector_push_back,uivector_push_back,CLAIMED,yes,Fixed_1_Compile_Failed,uivector_push_back,read_bits,0.149,-0.216,ABSTAIN,CONFLICT,STUB:uivector_push_back,"STUB: PtrTrans lodepng crate is a stub crate; this Rust fn is the tool's designated slot for the C fn (name/signature/doc comment cite it) but its body is an empty placeholder. Convert to NONE if strict 'implements' is required. C:252 (resize if full, then data[size]=c). src/lodepng.rs:667 `uivector_push_back(p: Option<&mut Uivector>, c: u32) -> u32 { 0 }`; duplicate same-name def src/lodepng.rs:1201 `(p: Option<&mut c_void>, size)`. Rejected tool_claim read_bits [571]."
ucvector_reserve,lodepng.c,270,"(p: ucvector *, size: size_t) -> unsigned int",Ucvector;ucvector_reserve,ucvector_reserve,CLAIMED,yes,Fixed_5_Compile_Failed,ucvector_reserve,uivector_resize,0.127,-0.231,ABSTAIN,CONFLICT,STUB:ucvector_reserve,"STUB: PtrTrans lodepng crate is a stub crate; this Rust fn is the tool's designated slot for the C fn (name/signature/doc comment cite it) but its body is an empty placeholder. Convert to NONE if strict 'implements' is required. C:270 (grow via lodepng_realloc, `size + (size >> 1)`). src/lodepng.rs:825 `ucvector_reserve(p: Option<&mut u8>, size) -> usize { 0 }`; duplicate same-name def src/lodepng.rs:952 `(p: Option<&mut Ucvector>, size) -> u32 { 0 }`. Rejected tool_claim uivector_resize [877]."
ucvector_resize,lodepng.c,284,"(p: ucvector *, size: size_t) -> unsigned int",ucvector_resize,ucvector_resize,CLAIMED,yes,Fixed_5_Compile_Failed,ucvector_resize,ucvector_resize,0.278,-0.13,ABSTAIN,unanimous,STUB:ucvector_resize,"STUB: PtrTrans lodepng crate is a stub crate; this Rust fn is the tool's designated slot for the C fn (name/signature/doc comment cite it) but its body is an empty placeholder. Convert to NONE if strict 'implements' is required. C:284 `p->size = size; return ucvector_reserve(p, size);`. src/lodepng.rs:955 `ucvector_resize(p: Option<&mut Ucvector>, size) -> u32 { 0 }`; duplicate same-name def src/lodepng.rs:1479. Rejected tool_claim ucvector_reserve [825]."
ucvector_init,lodepng.c,289,"(buffer: unsigned char *, size: size_t) -> ucvector",ucvector_resize,ucvector_resize,CLAIMED,yes,Fixed_5_Compile_Failed,ucvector_init,ucvector_reserve,0.27,-0.166,ABSTAIN,CONFLICT,STUB:ucvector_init,"STUB: PtrTrans lodepng crate is a stub crate; this Rust fn is the tool's designated slot for the C fn (name/signature/doc comment cite it) but its body is an empty placeholder. Convert to NONE if strict 'implements' is required. C:289 (returns ucvector by value with buffer/size/allocsize). src/lodepng.rs:828 `ucvector_init(buffer: Option<&mut u8>, size) -> u8 { 0 }` (return type garbled). Rejected tool_claim ucvector_resize [955], ucvector_reserve [825]."
string_cleanup,lodepng.c,302,(out: char **) -> void,ucvector_reserve;ucvector_init,ucvector_reserve,CLAIMED,yes,Fixed_5_Compile_Failed,string_cleanup,string_cleanup,0.26,-0.178,ABSTAIN,CONFLICT,STUB:string_cleanup,"STUB: PtrTrans lodepng crate is a stub crate; this Rust fn is the tool's designated slot for the C fn (name/signature/doc comment cite it) but its body is an empty placeholder. Convert to NONE if strict 'implements' is required. C:302 `lodepng_free(*out); *out = NULL;`. src/lodepng.rs:822 doc 'Translation of: static void string_cleanup(char** out)', no-op. Rejected tool_claim lodepng_free_itext (not a real slot) / lodepng_unknown_chunks_init [629]."
alloc_string_sized,lodepng.c,308,"(in: const char *, insize: size_t) -> char *",string_cleanup,string_cleanup,CLAIMED,yes,Fixed_5_Compile_Failed,alloc_string_sized,alloc_string_sized,0.2,-0.156,ABSTAIN,CONFLICT,STUB:alloc_string_sized,"STUB: PtrTrans lodepng crate is a stub crate; this Rust fn is the tool's designated slot for the C fn (name/signature/doc comment cite it) but its body is an empty placeholder. Convert to NONE if strict 'implements' is required. C:308 (malloc insize+1, memcpy, NUL-terminate). src/lodepng.rs:1154 `alloc_string_sized(in_ptr: Option<&c_char>, insize) -> Option<&mut c_char> { None }`. Note src/lodepng.rs:553 lodepng_copy_and_terminate is a fragment stub whose doc quotes C:311-312 `lodepng_memcpy(out, in, insize); out[insize] = 0;` with (out, input, insize) params -- a sub-fragment, not the function slot. Rejected tool_claim lodepng_strlen [559], alloc_string [459]."
alloc_string,lodepng.c,318,(in: const char *) -> char *,alloc_string_sized,alloc_string_sized,CLAIMED,yes,Fixed_5_Compile_Failed,alloc_string,lodepng_chunk_safetocopy,0.266,-0.166,ABSTAIN,CONFLICT,alloc_string,"REAL body. C:318 `return alloc_string_sized(in, lodepng_strlen(in));`. src/lodepng.rs:459-464 `alloc_string(input: Option<&str>) -> Option<String> { input.map(|s| s.to_string()) }` -- the strlen+copy collapses to to_string, semantically the same (copy string, None passthrough). Rejected tool_claim lodepng_chunk_safetocopy (stub, unrelated), alloc_string_sized [1154] (different C fn)."
lodepng_read32bitInt,lodepng.c,327,(buffer: const unsigned char *) -> unsigned int,lodepng_memcpy;lodepng_copy_and_terminate,lodepng_memcpy,CLAIMED,yes,Fixed_1_Compile_Failed,,lodepng_get32bit_int,0.283,-0.1,ABSTAIN,CONFLICT,lodepng_get32bit_int,"REAL body, renamed. C:327 `((unsigned)buffer[0] << 24) | (buffer[1] << 16) | (buffer[2] << 8) | buffer[3]`. src/lodepng.rs:494-500 `lodepng_get32bit_int(buffer: &[u8]) -> u32` computes exactly that expression (doc quotes the C). matcher_forced=lodepng_get32bit_int is correct. Rejected tool_claim lodepng_memcpy [541] and lodepng_copy_and_terminate [553] (both unrelated stubs). No fn named lodepng_read32bit_int exists."
lodepng_set32bitInt,lodepng.c,335,"(buffer: unsigned char *, value: unsigned int) -> void",alloc_string,alloc_string,CLAIMED,yes,No_Fix_Compile_Success,,lodepng_set32bit_int,0.283,-0.079,ABSTAIN,CONFLICT,lodepng_set32bit_int,"REAL body, renamed. C:335 writes value>>24, >>16, >>8, value into buffer[0..3]. src/lodepng.rs:508-514 `lodepng_set32bit_int(buffer: &mut [u8], value: u32)` does exactly that. Rejected tool_claim alloc_string [459]."
lodepng_filesize,lodepng.c,350,(filename: const char *) -> long,lodepng_get32bit_int;lodepng_set32bit_int,lodepng_get32bit_int,CLAIMED,yes,No_Fix_Compile_Success,lodepng_filesize,lodepng_chunk_generate_crc,0.191,-0.255,ABSTAIN,CONFLICT,translated_function,"PARTIAL real body under a generic name. C:350: fopen(rb) -> NULL=-1; fseek(END) fail -> -1; size=ftell; if size==LONG_MAX size=-1; fclose; return size. src/lodepng.rs:474-490 `translated_function(file: &mut File) -> i64`: `file.seek(SeekFrom::End(0)).is_err() -> -1`, `size = stream_position()`, `if size == 9_223_372_036_854_775_807 { size = -1 }`, return size -- the distinctive LONG_MAX check and fseek/ftell logic of C:356-366, minus fopen/NULL-check/fclose (takes an already-open File). The same-name slot src/lodepng.rs:405 `lodepng_filesize(_filename: Option<&str>) -> Option<i64> { unimplemented!() }` holds no body. Body evidence wins -> translated_function; graders treating unimplemented!() slot as target should note the split. Rejected tool_claim lodepng_get32bit_int [494] / lodepng_set32bit_int [508] (32-bit int helpers), matcher_forced lodepng_chunk_generate_crc (stub, unrelated)."
lodepng_buffer_file,lodepng.c,370,"(out: unsigned char *, size: size_t, filename: const char *) -> unsigned int",translated_function,translated_function,CLAIMED,yes,No_Fix_Compile_Success,lodepng_buffer_file,readChunk_tRNS,0.152,-0.198,ABSTAIN,CONFLICT,STUB:lodepng_buffer_file,"STUB: PtrTrans lodepng crate is a stub crate; this Rust fn is the tool's designated slot for the C fn (name/signature/doc comment cite it) but its body is an empty placeholder. Convert to NONE if strict 'implements' is required. C:370 (fopen rb -> 78, fread, fclose). src/lodepng.rs:408 `lodepng_buffer_file(_out: &mut [u8], _size: usize, _filename: Option<&str>) -> u32 { unimplemented!() }`. No other fn does fread/read_to_end (grep). Rejected tool_claim translated_function [474] (filesize fragment: seek/LONG_MAX, no read) and readChunk_tRNS (stub, unrelated)."
lodepng_load_file,lodepng.c,383,"(out: unsigned char **, outsize: size_t *, filename: const char *) -> unsigned int",lodepng_load_file,lodepng_load_file,CLAIMED,yes,Fixed_2_Compile_Failed,lodepng_load_file,deflateNoCompression,0.185,-0.198,ABSTAIN,CONFLICT,lodepng_load_file,"REAL body. C:383: size = lodepng_filesize; if size<0 return 78; *outsize=size; *out=malloc; if !*out && size>0 return 83; return lodepng_buffer_file(*out,size,filename). src/lodepng.rs:357-399 `lodepng_load_file(out: &mut Option<Vec<u8>>, outsize: &mut usize, filename: Option<&str>) -> u32`: calls lodepng_filesize(filename), None/size<0 -> 78, `*outsize = size as usize`, allocates zeroed Vec (comment quotes the 83 branch), returns lodepng_buffer_file(buf, *outsize, filename) else 83. Two other same-name definitions (src/lodepng.rs:810 and src/lodepng.rs:3454) are `0` stubs; the inventory entry [357] is the real one. Rejected tool_claim deflateNoCompression [2000]."
lodepng_save_file,lodepng.c,395,"(buffer: const unsigned char *, buffersize: size_t, filename: const char *) -> unsigned int",lodepng_load_file;lodepng_filesize;lodepng_buffer_file,lodepng_load_file,CLAIMED,yes,No_Fix_Compile_Success,lodepng_save_file,lodepng_save_file,0.196,-0.191,ABSTAIN,CONFLICT,STUB:lodepng_save_file,"STUB: PtrTrans lodepng crate is a stub crate; this Rust fn is the tool's designated slot for the C fn (name/signature/doc comment cite it) but its body is an empty placeholder. Convert to NONE if strict 'implements' is required. C:395 (fopen wb -> 79, fwrite, fclose). src/lodepng.rs:940 `lodepng_save_file(buffer: Option<&[u8]>, buffersize, filename: Option<&str>) -> u32 { 0 }`; duplicate same-name def src/lodepng.rs:1464. No fn contains 'wb'/error 79 (grep). Rejected tool_claim lodepng_load_file [357], lodepng_filesize [405], lodepng_buffer_file [408]."
LodePNGBitWriter_init,lodepng.c,420,"(writer: LodePNGBitWriter *, data: ucvector *) -> void",lodepng_save_file,lodepng_save_file,CLAIMED,yes,Fixed_5_Compile_Failed,LodePNGBitWriter_init,LodePNGBitWriter_init,0.266,-0.134,ABSTAIN,CONFLICT,STUB:LodePNGBitWriter_init,"STUB: PtrTrans lodepng crate is a stub crate; this Rust fn is the tool's designated slot for the C fn (name/signature/doc comment cite it) but its body is an empty placeholder. Convert to NONE if strict 'implements' is required. C:420 `writer->data = data; writer->bp = 0;`. src/lodepng.rs:1958 `LodePNGBitWriter_init(writer: Option<&mut LodePNGBitWriter>, data: Option<&mut Ucvector>)` no-op. Rejected tool_claim lodepng_save_file [940]."
writeBits,lodepng.c,437,"(writer: LodePNGBitWriter *, value: unsigned int, nbits: size_t) -> void",LodePNGBitWriter;LodePNGBitWriter_init,LodePNGBitWriter_init,CLAIMED,yes,Fixed_2_Compile_Failed,,addChunk_iCCP,0.135,-0.218,ABSTAIN,CONFLICT,NONE,"C:437 (WRITEBIT macro loop, LSB-first). No Rust fn named writeBits/write_bits; grep 'fn write_bits\b|fn writeBits\b|WRITEBIT|bp & 7' hits only the writeBitsReversed comment at src/lodepng.rs:678 and def at 1972. Rejected tool_claim LodePNGBitWriter (a struct, not a fn), LodePNGBitWriter_init [1958] (C:420, different fn), addChunk_iCCP (stub, unrelated)."
writeBitsReversed,lodepng.c,450,"(writer: LodePNGBitWriter *, value: unsigned int, nbits: size_t) -> void",writeBitsReversed,writeBitsReversed,CLAIMED,yes,Fixed_1_Compile_Failed,writeBitsReversed,readChunk_tEXt,0.169,-0.196,ABSTAIN,CONFLICT,AMBIGUOUS,"Two distinct-named empty stubs both designate C writeBitsReversed:450: (a) src/lodepng.rs:1972 `writeBitsReversed(writer: Option<&mut LodePNGBitWriter>, value: u32, nbits: usize)` no-op, doc 'Stub for the function implied by the provided C code fragment that writes bits in reversed order'; (b) src/lodepng.rs:676 `write_bits_reversed(writer, value, nbits)` no-op, comment 'C original: static void writeBitsReversed(LodePNGBitWriter* writer, unsigned value, size_t nbits)'. Neither has a body -> STUB either way. Rejected tool_claim readChunk_tEXt (stub, unrelated)."
LodePNGBitReader_init,lodepng.c,470,"(reader: LodePNGBitReader *, data: const unsigned char *, size: size_t) -> unsigned int",LodePNGBitReader,,CLAIMED,NO,Fixed_5_Compile_Failed,,lodepng_get_raw_size,0.185,-0.282,ABSTAIN,single-source,NONE,"C:470 (sets data/size/bitsize with error 105 on overflow, bp=0, buffer=0). No Rust fn named LodePNGBitReader_init/lodepng_bit_reader_init; grep 'bitreader_init|bit_reader_init|105' hits only the struct field `bitsize` at src/lodepng.rs:961 (struct LodePNGBitReader defined at 958). Rejected tool_claim lodepng_get_raw_size (common/lodepng_mod.rs:11, unrelated stub)."
ensureBits9,lodepng.c,493,"(reader: LodePNGBitReader *, nbits: size_t) -> void",ensureBits9,ensureBits9,CLAIMED,yes,Fixed_5_Compile_Failed,ensureBits9,lodepng_realloc,0.096,-0.242,ABSTAIN,CONFLICT,STUB:ensureBits9,"STUB: PtrTrans lodepng crate is a stub crate; this Rust fn is the tool's designated slot for the C fn (name/signature/doc comment cite it) but its body is an empty placeholder. Convert to NONE if strict 'implements' is required. C:493. src/lodepng.rs:967 `ensureBits9(reader: Option<&mut LodePNGBitReader>, nbits: usize)` no-op. Rejected tool_claim lodepng_realloc [611]."
ensureBits17,lodepng.c,508,"(reader: LodePNGBitReader *, nbits: size_t) -> void",ensure_bits17,ensure_bits17,CLAIMED,yes,Fixed_5_Compile_Failed,,addChunk_bKGD,0.172,-0.193,ABSTAIN,CONFLICT,STUB:ensure_bits17,"STUB: PtrTrans lodepng crate is a stub crate; this Rust fn is the tool's designated slot for the C fn (name/signature/doc comment cite it) but its body is an empty placeholder. Convert to NONE if strict 'implements' is required. C:508. src/lodepng.rs:973 `ensure_bits17(reader: Option<&mut LodePNGBitReader>, nbits: usize)` no-op, doc 'C original: static void ensureBits17(LodePNGBitReader* reader, size_t nbits)'. No fn named ensureBits17 (CamelCase) exists. Rejected tool_claim addChunk_bKGD (stub, unrelated)."
ensureBits25,lodepng.c,525,"(reader: LodePNGBitReader *, nbits: size_t) -> void",ensureBits25,ensureBits25,CLAIMED,yes,Fixed_5_Compile_Failed,ensureBits25,addChunk_sRGB,0.171,-0.194,ABSTAIN,CONFLICT,STUB:ensureBits25,"STUB: PtrTrans lodepng crate is a stub crate; this Rust fn is the tool's designated slot for the C fn (name/signature/doc comment cite it) but its body is an empty placeholder. Convert to NONE if strict 'implements' is required. C:524. src/lodepng.rs:979 `ensureBits25(reader, nbits)` no-op. Rejected tool_claim ensureBits9 [967] (different C fn)."
ensureBits32,lodepng.c,543,"(reader: LodePNGBitReader *, nbits: size_t) -> void",ensureBits32,ensureBits32,CLAIMED,yes,Fixed_5_Compile_Failed,ensureBits32,addChunk_tRNS,0.171,-0.194,ABSTAIN,CONFLICT,STUB:ensureBits32,"STUB: PtrTrans lodepng crate is a stub crate; this Rust fn is the tool's designated slot for the C fn (name/signature/doc comment cite it) but its body is an empty placeholder. Convert to NONE if strict 'implements' is required. C:541. src/lodepng.rs:985 `ensureBits32(reader, nbits)` no-op. Rejected tool_claim ensureBits25 [979]."
peekBits,lodepng.c,563,"(reader: LodePNGBitReader *, nbits: size_t) -> unsigned int",peek_bits,peek_bits,CLAIMED,yes,Fixed_5_Compile_Failed,,LodePNGIText_copy,0.182,-0.198,ABSTAIN,CONFLICT,STUB:peek_bits,"STUB: PtrTrans lodepng crate is a stub crate; this Rust fn is the tool's designated slot for the C fn (name/signature/doc comment cite it) but its body is an empty placeholder. Convert to NONE if strict 'implements' is required. C:563 `return reader->buffer & ((1u << nbits) - 1u);`. src/lodepng.rs:992 `peek_bits(reader: Option<&LodePNGBitReader>, start, size) -> u32 { 0 }` (params garbled, doc mentions peekBits placeholder); duplicate same-name def src/lodepng.rs:1485 `peek_bits(reader: Option<&mut LodePNGBitReader>, nbits: u32) -> u32 { 0 }` doc 'Stub for the C function peekBits'. Rejected tool_claim LodePNGIText_copy (stub, unrelated)."
advanceBits,lodepng.c,569,"(reader: LodePNGBitReader *, nbits: size_t) -> void",advance_bits,advance_bits,CLAIMED,yes,Fixed_5_Compile_Failed,,lodepng_info_copy,0.183,-0.196,ABSTAIN,CONFLICT,STUB:advance_bits,"STUB: PtrTrans lodepng crate is a stub crate; this Rust fn is the tool's designated slot for the C fn (name/signature/doc comment cite it) but its body is an empty placeholder. Convert to NONE if strict 'implements' is required. C:569 `reader->buffer >>= nbits; reader->bp += nbits;`. src/lodepng.rs:1001 `advance_bits(reader: Option<&mut LodePNGBitReader>, nbits: usize)` no-op, doc cites 'static void advanceBits'. Rejected tool_claim lodepng_info_copy (stub, unrelated)."
readBits,lodepng.c,575,"(reader: LodePNGBitReader *, nbits: size_t) -> unsigned int",peek_bits,peek_bits,CLAIMED,yes,Fixed_5_Compile_Failed,,addChunk_pHYs,0.249,-0.116,ABSTAIN,CONFLICT,STUB:read_bits,"STUB: PtrTrans lodepng crate is a stub crate; this Rust fn is the tool's designated slot for the C fn (name/signature/doc comment cite it) but its body is an empty placeholder. Convert to NONE if strict 'implements' is required. C:575 `result = peekBits; advanceBits; return result`. src/lodepng.rs:571 `read_bits(reader: &mut LodePngBitReader, nbits: usize) -> u32 { 0 }`; duplicate same-name def src/lodepng.rs:2775 doc 'Translation of: static unsigned readBits(LodePNGBitReader* reader, size_t nbits)'. Rejected tool_claim peek_bits [992] (C peekBits:563, different fn) and addChunk_pHYs (stub, unrelated)."
reverseBits,lodepng.c,582,"(bits: unsigned int, num: unsigned int) -> unsigned int",read_bits,read_bits,CLAIMED,yes,Fixed_5_Compile_Failed,,reverse_bits,0.301,-0.218,ABSTAIN,CONFLICT,STUB:reverse_bits,"STUB: PtrTrans lodepng crate is a stub crate; this Rust fn is the tool's designated slot for the C fn (name/signature/doc comment cite it) but its body is an empty placeholder. Convert to NONE if strict 'implements' is required. C:582 (bit-reverse of num bits). src/lodepng.rs:466 `reverse_bits(bits: u32, num: u32) -> u32 { unimplemented!() }`. Rejected tool_claim read_bits [571]."
HuffmanTree_init,lodepng.c,642,(tree: HuffmanTree *) -> void,,,EMPTY,,Fixed_5_Compile_Failed,HuffmanTree_init,huffman_tree_make_from_lengths2,0.202,-0.336,ABSTAIN,CONFLICT,STUB:HuffmanTree_init,"STUB: PtrTrans lodepng crate is a stub crate; this Rust fn is the tool's designated slot for the C fn (name/signature/doc comment cite it) but its body is an empty placeholder. Convert to NONE if strict 'implements' is required. C:665 (NULL codes/lengths/table_len/table_value). src/lodepng.rs:1005 `HuffmanTree_init(tree: Option<&mut HuffmanTree>)` no-op, comment quotes the C body. Rejected tool_claim huffman_tree_make_from_lengths2 [1073]."
HuffmanTree_cleanup,lodepng.c,649,(tree: HuffmanTree *) -> void,HuffmanTree_init,HuffmanTree_init,CLAIMED,yes,Fixed_5_Compile_Failed,HuffmanTree_cleanup,generate_fixed_distance_tree,0.206,-0.333,ABSTAIN,CONFLICT,STUB:HuffmanTree_cleanup,"STUB: PtrTrans lodepng crate is a stub crate; this Rust fn is the tool's designated slot for the C fn (name/signature/doc comment cite it) but its body is an empty placeholder. Convert to NONE if strict 'implements' is required. C:672 (four lodepng_free). src/lodepng.rs:1016 `HuffmanTree_cleanup(tree: Option<&mut HuffmanTree>)` no-op. Rejected tool_claim HuffmanTree_init [1005], generate_fixed_distance_tree [1493]."
HuffmanTree_makeTable,lodepng.c,665,(tree: HuffmanTree *) -> unsigned int,HuffmanTree_cleanup;HuffmanTree_makeTable,HuffmanTree_cleanup,CLAIMED,yes,Fixed_5_Compile_Failed,HuffmanTree_makeTable,HuffmanTree_init,0.113,-0.427,ABSTAIN,CONFLICT,STUB:HuffmanTree_makeTable,"STUB: PtrTrans lodepng crate is a stub crate; this Rust fn is the tool's designated slot for the C fn (name/signature/doc comment cite it) but its body is an empty placeholder. Convert to NONE if strict 'implements' is required. C:682 (FIRSTBITS=9 two-level table, errors 83/55, INVALIDSYMBOL). src/lodepng.rs:1021 `HuffmanTree_makeTable(tree: Option<&mut HuffmanTree>) -> u32 { 0 }`. No fn contains 65535/FIRSTBITS/error 55 (grep). Rejected tool_claim HuffmanTree_cleanup [1016]."
HuffmanTree_makeFromLengths2,lodepng.c,786,(tree: HuffmanTree *) -> unsigned int,HuffmanTree_makeFromLengths2,HuffmanTree_makeFromLengths2,CLAIMED,yes,Fixed_1_Compile_Failed,HuffmanTree_makeFromLengths2,lodepng_compress_settings_init,0.127,-0.329,ABSTAIN,CONFLICT,AMBIGUOUS,Two distinct-named empty stubs both designate C HuffmanTree_makeFromLengths2:786: (a) src/lodepng.rs:1509 `HuffmanTree_makeFromLengths2(tree: Option<&mut HuffmanTree>) -> u32 { 0 }` doc 'Translation of: static unsigned HuffmanTree_makeFromLengths2(HuffmanTree* tree)'; (b) src/lodepng.rs:1073 `huffman_tree_make_from_lengths2(tree) -> u32 { 0 }` doc 'Translated from: return HuffmanTree_makeFromLengths2(tree);' (generated from the call site in makeFromLengths C:834). Neither has a body -> STUB either way. Preferred if one must be chosen: (a). Rejected tool_claim HuffmanTree_makeTable [1021].
HuffmanTree_makeFromLengths,lodepng.c,827,"(tree: HuffmanTree *, bitlen: const unsigned int *, numcodes: size_t, maxbitlen: unsigned int) -> unsigned int",HuffmanTree_makeFromLengths,HuffmanTree_makeFromLengths,CLAIMED,yes,Fixed_5_Compile_Failed,HuffmanTree_makeFromLengths,read_chunk_iccp,0.17,-0.2,ABSTAIN,CONFLICT,AMBIGUOUS,"Two distinct-named empty stubs both claim C HuffmanTree_makeFromLengths:827: (a) src/lodepng.rs:706 `huffman_tree_make_from_lengths(tree, bitlen: Option<&[u32]>, numcodes: usize, maxbitlen: u32) -> u32 { 0 }` doc cites the exact 4-param C signature; (b) src/lodepng.rs:2035 `HuffmanTree_makeFromLengths(tree, bitlen: Option<&[i32]>) -> u32 { 0 }` -- only 2 params and its doc quotes `if(!error) error = HuffmanTree_makeTable(tree); return error;`, which is actually the tail of makeFromLengths2 (C:818-819). Preferred if one must be chosen: (a) huffman_tree_make_from_lengths [706] (faithful signature). Neither has a body -> STUB either way. Rejected tool_claim uivector_cleanup [871]."
bpmnode_create,lodepng.c,866,"(lists: BPMLists *, weight: int, index: unsigned int, tail: BPMNode *) -> BPMNode *",bpmnode_create,bpmnode_create,CLAIMED,yes,Fixed_1_Compile_Failed,bpmnode_create,bpmnode_create,0.192,-0.177,ABSTAIN,unanimous,STUB:bpmnode_create,"STUB: PtrTrans lodepng crate is a stub crate; this Rust fn is the tool's designated slot for the C fn (name/signature/doc comment cite it) but its body is an empty placeholder. Convert to NONE if strict 'implements' is required. C:895 (allocate from lists->memory/freelist, set weight/index/tail). src/lodepng.rs:1577 `bpmnode_create(lists: Option<&mut BPMLists>, weight: i32, index: u32, tail: Option<Box<BPMNode>>) -> Option<Box<BPMNode>> { None }`. Rejected tool_claim huffman_tree_make_from_lengths [706]."
bpmnode_sort,lodepng.c,895,"(leaves: BPMNode *, num: size_t) -> void",BPMNode;bpmnode_sort,bpmnode_sort,CLAIMED,yes,Fixed_4_Compile_Failed,bpmnode_sort,generateFixedDistanceTree,0.14,-0.24,ABSTAIN,CONFLICT,STUB:bpmnode_sort,"STUB: PtrTrans lodepng crate is a stub crate; this Rust fn is the tool's designated slot for the C fn (name/signature/doc comment cite it) but its body is an empty placeholder. Convert to NONE if strict 'implements' is required. C:918 (bottom-up mergesort on weight with stable index tie-break). src/lodepng.rs:1097 `bpmnode_sort(leaves: Option<&mut [BPMNode]>, num: usize)` no-op. Rejected tool_claim generateFixedDistanceTree [2394]."
boundaryPM,lodepng.c,918,"(lists: BPMLists *, leaves: BPMNode *, numpresent: size_t, c: int, num: int) -> void",boundary_pm,boundary_pm,CLAIMED,yes,Fixed_5_Compile_Failed,,HuffmanTree_makeFromFrequencies,0.184,-0.174,ABSTAIN,CONFLICT,STUB:boundary_pm,"STUB: PtrTrans lodepng crate is a stub crate; this Rust fn is the tool's designated slot for the C fn (name/signature/doc comment cite it) but its body is an empty placeholder. Convert to NONE if strict 'implements' is required. C:943 (recursive boundary package-merge). src/lodepng.rs:2051 `boundary_pm(lists, leaves, numpresent, c, num)` no-op, doc cites 'static void boundaryPM'. No CamelCase boundaryPM fn exists. Rejected tool_claim HuffmanTree_makeFromFrequencies [2640]."
lodepng_huffman_code_lengths,lodepng.c,943,"(lengths: unsigned int *, frequencies: const unsigned int *, numcodes: size_t, maxbitlen: unsigned int) -> unsigned int",lodepng_huffman_code_lengths,lodepng_huffman_code_lengths,CLAIMED,yes,Fixed_5_Compile_Failed,lodepng_huffman_code_lengths,writeLZ77data,0.168,-0.202,ABSTAIN,CONFLICT,STUB:lodepng_huffman_code_lengths,"STUB: PtrTrans lodepng crate is a stub crate; this Rust fn is the tool's designated slot for the C fn (name/signature/doc comment cite it) but its body is an empty placeholder. Convert to NONE if strict 'implements' is required. C:1022 (errors 80/83, BPM lists, numpresent). src/lodepng.rs:2432 `lodepng_huffman_code_lengths(lengths: Option<&mut HuffmanTree>, frequencies: Option<&[i32]>, numcodes, maxbitlen) -> u32 { 0 }` (lengths type garbled). Rejected tool_claim writeLZ77data [2238]."
HuffmanTree_makeFromFrequencies,lodepng.c,1022,"(tree: HuffmanTree *, frequencies: const unsigned int *, mincodes: size_t, numcodes: size_t, maxbitlen: unsigned int) -> unsigned int",HuffmanTree_makeFromFrequencies,HuffmanTree_makeFromFrequencies,CLAIMED,yes,Fixed_5_Compile_Failed,HuffmanTree_makeFromFrequencies,post_process_scanlines,0.17,-0.206,ABSTAIN,CONFLICT,STUB:HuffmanTree_makeFromFrequencies,"STUB: PtrTrans lodepng crate is a stub crate; this Rust fn is the tool's designated slot for the C fn (name/signature/doc comment cite it) but its body is an empty placeholder. Convert to NONE if strict 'implements' is required. C:1038 (calls lodepng_huffman_code_lengths then makeFromLengths2). src/lodepng.rs:2640 `HuffmanTree_makeFromFrequencies(tree, frequencies, mincodes, numcodes, maxbitlen) -> u32 { 0 }`. Rejected tool_claim post_process_scanlines (stub, unrelated)."
generateFixedLitLenTree,lodepng.c,1038,(tree: HuffmanTree *) -> unsigned int,generateFixedLitLenTree,generateFixedLitLenTree,CLAIMED,yes,Fixed_5_Compile_Failed,generateFixedLitLenTree,HuffmanTree_cleanup,0.117,-0.423,ABSTAIN,CONFLICT,STUB:generateFixedLitLenTree,"STUB: PtrTrans lodepng crate is a stub crate; this Rust fn is the tool's designated slot for the C fn (name/signature/doc comment cite it) but its body is an empty placeholder. Convert to NONE if strict 'implements' is required. C:1056 (288 lengths 8/9/7/8, then makeFromLengths). src/lodepng.rs:2384 `generateFixedLitLenTree(tree: Option<&mut HuffmanTree>) -> u32 { 0 }`. Rejected tool_claim HuffmanTree_cleanup [1016]."
generateFixedDistanceTree,lodepng.c,1056,(tree: HuffmanTree *) -> unsigned int,generateFixedDistanceTree,generateFixedDistanceTree,CLAIMED,yes,Fixed_5_Compile_Failed,generateFixedDistanceTree,generateFixedLitLenTree,0.126,-0.412,ABSTAIN,CONFLICT,AMBIGUOUS,"Two distinct-named empty stubs both claim C generateFixedDistanceTree:1074: (a) src/lodepng.rs:1493 `generate_fixed_distance_tree(tree: Option<&mut HuffmanTree>) -> u32 { 0 }` doc 'Translation of: static unsigned generateFixedDistanceTree(HuffmanTree* tree)' (exact sig); (b) src/lodepng.rs:2394 `generateFixedDistanceTree(tree, bitlen: Option<&mut [i32]>) -> u32 { 0 }` doc says 'inferred signature ... int* bitlen' (spurious extra param). Preferred if one must be chosen: (a). Neither has a body. Rejected tool_claim generateFixedLitLenTree [2384]."
huffmanDecodeSymbol,lodepng.c,1074,"(reader: LodePNGBitReader *, codetree: const HuffmanTree *) -> unsigned int",generate_fixed_distance_tree;huffman_decode_symbol,generate_fixed_distance_tree,CLAIMED,yes,Fixed_5_Compile_Failed,,addChunk_PLTE,0.177,-0.188,ABSTAIN,CONFLICT,STUB:huffman_decode_symbol,"STUB: PtrTrans lodepng crate is a stub crate; this Rust fn is the tool's designated slot for the C fn (name/signature/doc comment cite it) but its body is an empty placeholder. Convert to NONE if strict 'implements' is required. C:1098 (two-level table lookup with FIRSTBITS). src/lodepng.rs:1499 `huffman_decode_symbol(reader: Option<&mut LodePNGBitReader>, codetree: Option<&HuffmanTree>) -> u32 { 0 }`. Rejected tool_claim generate_fixed_distance_tree [1493]."
getTreeInflateFixed,lodepng.c,1098,"(tree_ll: HuffmanTree *, tree_d: HuffmanTree *) -> unsigned int",,,EMPTY,,Fixed_5_Compile_Failed,,get_tree_inflate_fixed,0.203,-0.233,ABSTAIN,single-source,STUB:get_tree_inflate_fixed,"STUB: PtrTrans lodepng crate is a stub crate; this Rust fn is the tool's designated slot for the C fn (name/signature/doc comment cite it) but its body is an empty placeholder. Convert to NONE if strict 'implements' is required. C:1105 (generateFixedLitLenTree then generateFixedDistanceTree). src/lodepng.rs:2402 `get_tree_inflate_fixed(tree_ll, tree_d) -> u32 { 0 }`. No CamelCase getTreeInflateFixed fn exists; no tool_claim candidates."
getTreeInflateDynamic,lodepng.c,1105,"(tree_ll: HuffmanTree *, tree_d: HuffmanTree *, reader: LodePNGBitReader *) -> unsigned int",get_tree_inflate_fixed;get_tree_inflate_dynamic,get_tree_inflate_fixed,CLAIMED,yes,Fixed_5_Compile_Failed,,read_chunk_sbit,0.166,-0.199,ABSTAIN,CONFLICT,STUB:get_tree_inflate_dynamic,"STUB: PtrTrans lodepng crate is a stub crate; this Rust fn is the tool's designated slot for the C fn (name/signature/doc comment cite it) but its body is an empty placeholder. Convert to NONE if strict 'implements' is required. C:1239 (HCLIT/HDIST/HCLEN, code-length codes, errors 50-59). src/lodepng.rs:2416 `get_tree_inflate_dynamic(tree_ll, tree_d, reader) -> u32 { 0 }`. Rejected tool_claim get_tree_inflate_fixed [2402] (C:1105) and read_chunk_sbit (stub, unrelated)."
inflateHuffmanBlock,lodepng.c,1239,"(out: ucvector *, reader: LodePNGBitReader *, btype: unsigned int, max_output_size: size_t) -> unsigned int",inflate_huffman_block,inflate_huffman_block,CLAIMED,yes,Fixed_5_Compile_Failed,,lodepng_pixel_overflow,0.099,-0.351,ABSTAIN,CONFLICT,STUB:inflate_huffman_block,"STUB: PtrTrans lodepng crate is a stub crate; this Rust fn is the tool's designated slot for the C fn (name/signature/doc comment cite it) but its body is an empty placeholder. Convert to NONE if strict 'implements' is required. C:1239/inflateHuffmanBlock (LZ77 decode loop, errors 51/52/109). src/lodepng.rs:2677 `inflate_huffman_block(out, reader, btype, settings, max_output_size) -> u32 { 0 }`. Rejected tool_claim lodepng_pixel_overflow (stub, unrelated)."
inflateNoCompression,lodepng.c,1347,"(out: ucvector *, reader: LodePNGBitReader *, settings: const LodePNGDecompressSettings *) -> unsigned int",inflateNoCompression,inflateNoCompression,CLAIMED,yes,Fixed_1_Compile_Failed,inflateNoCompression,auto_choose_color,0.143,-0.209,ABSTAIN,CONFLICT,AMBIGUOUS,"Two distinct-named empty stubs both claim C inflateNoCompression:1347: (a) src/lodepng.rs:1979 `inflateNoCompression(out, reader, settings) -> u32 { 0 }` (no doc); (b) src/lodepng.rs:2764 `inflate_no_compression(out, reader, settings) -> u32 { 0 }` doc cites 'static unsigned inflateNoCompression(ucvector* out, LodePNGBitReader* reader, const LodePNGDecompressSettings* settings)'. Neither has a body -> STUB either way. Rejected tool_claim auto_choose_color (stub, unrelated)."
lodepng_inflatev,lodepng.c,1382,"(out: ucvector *, in: const unsigned char *, insize: size_t, settings: const LodePNGDecompressSettings *) -> unsigned int",lodepng_inflatev,lodepng_inflatev,CLAIMED,yes,Fixed_5_Compile_Failed,lodepng_inflatev,readChunk_iTXt,0.164,-0.21,ABSTAIN,CONFLICT,STUB:lodepng_inflatev,"STUB: PtrTrans lodepng crate is a stub crate; this Rust fn is the tool's designated slot for the C fn (name/signature/doc comment cite it) but its body is an empty placeholder. Convert to NONE if strict 'implements' is required. C:1382 (BFINAL/BTYPE loop dispatching to the three block inflaters). src/lodepng.rs:2713 `lodepng_inflatev(out, input: Option<&i8>, insize, settings) -> u32 { 0 }`. Note src/lodepng.rs:2753 lodepng_inflate_block_logic is a fragment stub ('logic containing readBits in the inflate routine') of this C body, not a separate C fn. Rejected tool_claim readChunk_iTXt (stub, unrelated)."
lodepng_inflate,lodepng.c,1408,"(out: unsigned char **, outsize: size_t *, in: const unsigned char *, insize: size_t, settings: const LodePNGDecompressSettings *) -> unsigned int",lodepng_inflate_block_logic;inflate_no_compression;read_bits,lodepng_inflate_block_logic,CLAIMED,yes,Fixed_5_Compile_Failed,lodepng_inflate,lodepng_chunk_createv,0.193,-0.182,ABSTAIN,CONFLICT,STUB:lodepng_inflate,"STUB: PtrTrans lodepng crate is a stub crate; this Rust fn is the tool's designated slot for the C fn (name/signature/doc comment cite it) but its body is an empty placeholder. Convert to NONE if strict 'implements' is required. C:1408 (ucvector_init then lodepng_inflatev). src/lodepng.rs:2782 `lodepng_inflate(out, outsize, input, insize, settings) -> u32 { 0 }`. Rejected tool_claim lodepng_inflate_block_logic [2753] (fragment of inflatev), inflate_no_compression [2764], read_bits [571], lodepng_chunk_createv (all different C fns)."
inflatev,lodepng.c,1418,"(out: ucvector *, in: const unsigned char *, insize: size_t, settings: const LodePNGDecompressSettings *) -> unsigned int",lodepng_inflate;inflatev,lodepng_inflate,CLAIMED,yes,Fixed_5_Compile_Failed,inflatev,inflatev,0.153,-0.214,ABSTAIN,CONFLICT,STUB:inflatev,"STUB: PtrTrans lodepng crate is a stub crate; this Rust fn is the tool's designated slot for the C fn (name/signature/doc comment cite it) but its body is an empty placeholder. Convert to NONE if strict 'implements' is required. C:1418 (custom_inflate dispatch else lodepng_inflatev; error 110). src/lodepng.rs:2798 `inflatev(out, input, insize, settings) -> u32 { 0 }`. Rejected tool_claim lodepng_inflate [2782] (C:1408)."
searchCodeIndex,lodepng.c,1447,"(array: const unsigned int *, array_size: size_t, value: size_t) -> size_t",reverse_bits;search_code_index;MAX_SUPPORTED_DEFLATE_LENGTH,reverse_bits,CLAIMED,yes,No_Fix_Compile_Success,,write_bits_reversed,0.195,-0.212,ABSTAIN,CONFLICT,STUB:search_code_index,"STUB: PtrTrans lodepng crate is a stub crate; this Rust fn is the tool's designated slot for the C fn (name/signature/doc comment cite it) but its body is an empty placeholder. Convert to NONE if strict 'implements' is required. C:1447 (binary search in array for value). src/lodepng.rs:470 `search_code_index(array: &[u32], value: usize) -> usize { unimplemented!() }`. Rejected tool_claim reverse_bits [466], write_bits_reversed [676]."
addLengthDistance,lodepng.c,1461,"(values: uivector *, length: size_t, distance: size_t) -> void",add_length_distance,add_length_distance,CLAIMED,yes,Fixed_5_Compile_Failed,,writeBitsReversed,0.208,-0.199,ABSTAIN,CONFLICT,STUB:add_length_distance,"STUB: PtrTrans lodepng crate is a stub crate; this Rust fn is the tool's designated slot for the C fn (name/signature/doc comment cite it) but its body is an empty placeholder. Convert to NONE if strict 'implements' is required. C:1461 (4 uivector_push_back of length/dist codes and extra bits). src/lodepng.rs:1204 `add_length_distance(values: Option<&mut c_void>, length: usize, distance: usize)` no-op. Rejected tool_claim writeBitsReversed [1972]."
hash_init,lodepng.c,1502,"(hash: Hash *, windowsize: unsigned int) -> unsigned int",Hash;hash_init,hash_init,CLAIMED,yes,Fixed_5_Compile_Failed,hash_init,HuffmanTree_makeFromLengths,0.172,-0.209,ABSTAIN,CONFLICT,STUB:hash_init,"STUB: PtrTrans lodepng crate is a stub crate; this Rust fn is the tool's designated slot for the C fn (name/signature/doc comment cite it) but its body is an empty placeholder. Convert to NONE if strict 'implements' is required. C:1502 (allocate head/val/chain/headz/chainz/zeros, HASH_NUM_VALUES, error 83). src/lodepng.rs:1041 `hash_init(hash: Option<&mut Hash>, windowsize: c_uint) -> c_uint { 0 }`. Rejected tool_claim HuffmanTree_makeFromLengths [2035]."
hash_cleanup,lodepng.c,1527,(hash: Hash *) -> void,Hash;hash_cleanup,hash_cleanup,CLAIMED,yes,Fixed_2_Compile_Failed,hash_cleanup,hash_cleanup,0.188,-0.225,ABSTAIN,unanimous,STUB:hash_cleanup,STUB: PtrTrans lodepng crate is a stub crate; this Rust fn is the tool's designated slot for the C fn (name/signature/doc comment cite it) but its body is an empty placeholder. Convert to NONE if strict 'implements' is required. C:1527 (six lodepng_free). src/lodepng.rs:1048 `hash_cleanup(hash: Option<&Hash>) -> i32 { 0 }`; duplicate same-name def src/lodepng.rs:2848 `(hash: Option<&mut Hash>)`. Rejected tool_claim hash_init [1041].
getHash,lodepng.c,1539,"(data: const unsigned char *, size: size_t, pos: size_t) -> unsigned int",,,ELIDED,,Free_Function,,unnamed_loop_function,0.097,-0.245,ABSTAIN,tool-says-elided,NONE,"C:1539 (shift-xor hash over 3 bytes, HASH_BIT_MASK). No Rust fn named getHash/get_hash; grep 'fn get_hash|fn getHash|HASH_BIT_MASK|65535' finds nothing. Rejected tool_claim hash_cleanup [1048] (C:1527), matcher_forced unnamed_loop_function [568] (its doc quotes the lodepng_memset loop C:129, nothing to do with hashing)."
countZeros,lodepng.c,1558,"(data: const unsigned char *, size: size_t, pos: size_t) -> unsigned int",count_zeros,count_zeros,CLAIMED,yes,Fixed_5_Compile_Failed,,lodepng_copy_and_terminate,0.18,-0.268,ABSTAIN,CONFLICT,STUB:count_zeros,"STUB: PtrTrans lodepng crate is a stub crate; this Rust fn is the tool's designated slot for the C fn (name/signature/doc comment cite it) but its body is an empty placeholder. Convert to NONE if strict 'implements' is required. C:1558 (count consecutive zero bytes up to MAX_SUPPORTED_DEFLATE_LENGTH). src/lodepng.rs:865 `count_zeros(data: Option<&c_char>, size, pos, error: bool) -> u32 { 0 }`; duplicate same-name def src/lodepng.rs:1051 `count_zeros(data: &[u8], size, pos) -> u32 { 0 }`. Rejected tool_claim lodepng_copy_and_terminate [553]."
updateHashChain,lodepng.c,1569,"(hash: Hash *, wpos: size_t, hashval: unsigned int, numzeros: unsigned short) -> void",count_zeros,count_zeros,CLAIMED,yes,Fixed_5_Compile_Failed,,lodepng_huffman_code_lengths,0.181,-0.177,ABSTAIN,CONFLICT,STUB:update_hash_chain,"STUB: PtrTrans lodepng crate is a stub crate; this Rust fn is the tool's designated slot for the C fn (name/signature/doc comment cite it) but its body is an empty placeholder. Convert to NONE if strict 'implements' is required. C:1569 (write hashval/head/chain, and zeros/headz/chainz). src/lodepng.rs:1632 `update_hash_chain(hash: Option<&mut Hash>, wpos, hashval: u32, numzeros: u16)` no-op. Rejected tool_claim count_zeros [865], lodepng_huffman_code_lengths [2432]."
encodeLZ77,lodepng.c,1588,"(out: uivector *, hash: Hash *, in: const unsigned char *, inpos: size_t, insize: size_t, windowsize: unsigned int, minmatch: unsigned int, nicematch: unsigned int, lazymatching: unsigned int) -> unsigned int",Hash;uivector;update_hash_chain;encode_lz77,update_hash_chain,CLAIMED,yes,Fixed_5_Compile_Failed,,encode_lz77,0.111,-0.223,ABSTAIN,CONFLICT,STUB:encode_lz77,"STUB: PtrTrans lodepng crate is a stub crate; this Rust fn is the tool's designated slot for the C fn (name/signature/doc comment cite it) but its body is an empty placeholder. Convert to NONE if strict 'implements' is required. C:1588 (main LZ77 search: hash chains, lazy matching, addLengthDistance). src/lodepng.rs:1649 `encode_lz77(out, hash, input, inpos, insize, windowsize, minmatch, nicematch, lazymatching) -> u32 { 0 }` doc cites the C:1588 signature. Rejected tool_claim update_hash_chain [1632]."
deflateNoCompression,lodepng.c,1739,"(out: ucvector *, data: const unsigned char *, datasize: size_t) -> unsigned int",deflateNoCompression,deflateNoCompression,CLAIMED,yes,Fixed_1_Compile_Failed,deflateNoCompression,readChunk_PLTE,0.186,-0.226,ABSTAIN,CONFLICT,STUB:deflateNoCompression,"STUB: PtrTrans lodepng crate is a stub crate; this Rust fn is the tool's designated slot for the C fn (name/signature/doc comment cite it) but its body is an empty placeholder. Convert to NONE if strict 'implements' is required. C:1739 (65535-byte stored blocks, LEN/NLEN). src/lodepng.rs:2000 `deflateNoCompression(out: Option<&mut Ucvector>, data: Option<&i8>, datasize) -> u32 { 0 }`. Rejected tool_claim readChunk_PLTE (stub, unrelated)."
writeLZ77data,lodepng.c,1777,"(writer: LodePNGBitWriter *, lz77_encoded: const uivector *, tree_ll: const HuffmanTree *, tree_d: const HuffmanTree *) -> void",writeLZ77data,writeLZ77data,CLAIMED,yes,Fixed_2_Compile_Failed,writeLZ77data,lodepng_add_text_entry,0.144,-0.209,ABSTAIN,CONFLICT,STUB:writeLZ77data,"STUB: PtrTrans lodepng crate is a stub crate; this Rust fn is the tool's designated slot for the C fn (name/signature/doc comment cite it) but its body is an empty placeholder. Convert to NONE if strict 'implements' is required. C:1777 (writeBitsReversed of lit/len/dist codes + extra bits). src/lodepng.rs:2238 `writeLZ77data(writer, lz77_encoded, tree_ll, tree_d)` no-op. Rejected tool_claim lodepng_add_text_entry [2071] (stub for a non-existent C fn)."
deflateDynamic,lodepng.c,1802,"(writer: LodePNGBitWriter *, hash: Hash *, data: const unsigned char *, datapos: size_t, dataend: size_t, settings: const LodePNGCompressSettings *, final: unsigned int) -> unsigned int",deflateDynamic,deflateDynamic,CLAIMED,yes,Fixed_2_Compile_Failed,deflateDynamic,deflateFixed,0.117,-0.226,ABSTAIN,CONFLICT,STUB:deflateDynamic,"STUB: PtrTrans lodepng crate is a stub crate; this Rust fn is the tool's designated slot for the C fn (name/signature/doc comment cite it) but its body is an empty placeholder. Convert to NONE if strict 'implements' is required. C:1802 (dynamic huffman block: frequencies, HLIT/HDIST/HCLEN, run-length code lengths). src/lodepng.rs:2700 `deflateDynamic(data: Option<&[i8]>, ...) -> u32 { 0 }`; duplicate same-name def src/lodepng.rs:2833. Rejected tool_claim deflateFixed [2621] (C:2024)."
deflateFixed,lodepng.c,2024,"(writer: LodePNGBitWriter *, hash: Hash *, data: const unsigned char *, datapos: size_t, dataend: size_t, settings: const LodePNGCompressSettings *, final: unsigned int) -> unsigned int",deflateFixed,deflateFixed,CLAIMED,yes,Fixed_4_Compile_Failed,deflateFixed,deflateDynamic,0.122,-0.22,ABSTAIN,CONFLICT,STUB:deflateFixed,"STUB: PtrTrans lodepng crate is a stub crate; this Rust fn is the tool's designated slot for the C fn (name/signature/doc comment cite it) but its body is an empty placeholder. Convert to NONE if strict 'implements' is required. C:2024 (BTYPE=1, fixed trees, lz77 or literal). src/lodepng.rs:2621 `deflateFixed(..., final_block: u32) -> u32 { 0 }`; duplicate same-name def src/lodepng.rs:2816 `(input, start, end, ..., final_block: i32)`. Rejected tool_claim deflateDynamic [2700] (C:1802)."
lodepng_deflatev,lodepng.c,2069,"(out: ucvector *, in: const unsigned char *, insize: size_t, settings: const LodePNGCompressSettings *) -> unsigned int",lodepng_deflatev,lodepng_deflatev,CLAIMED,yes,Fixed_2_Compile_Failed,lodepng_deflatev,read_chunk_ztxt,0.164,-0.21,ABSTAIN,CONFLICT,STUB:lodepng_deflatev,"STUB: PtrTrans lodepng crate is a stub crate; this Rust fn is the tool's designated slot for the C fn (name/signature/doc comment cite it) but its body is an empty placeholder. Convert to NONE if strict 'implements' is required. C:2069 (btype dispatch 0/1/2, block split, error 61, hash_init/cleanup). src/lodepng.rs:2743 `lodepng_deflatev(out, input, insize, settings) -> u32 { 0 }`. Rejected tool_claim read_chunk_ztxt (stub, unrelated)."
lodepng_deflate,lodepng.c,2110,"(out: unsigned char **, outsize: size_t *, in: const unsigned char *, insize: size_t, settings: const LodePNGCompressSettings *) -> unsigned int",deflateFixed;deflateDynamic;hash_cleanup,deflateFixed,CLAIMED,yes,Fixed_5_Compile_Failed,lodepng_deflate,lodepng_inflate,0.225,-0.138,ABSTAIN,CONFLICT,STUB:lodepng_deflate,"STUB: PtrTrans lodepng crate is a stub crate; this Rust fn is the tool's designated slot for the C fn (name/signature/doc comment cite it) but its body is an empty placeholder. Convert to NONE if strict 'implements' is required. C:2110 (ucvector_init then lodepng_deflatev). src/lodepng.rs:2883 `lodepng_deflate(out, outsize, input, insize, settings) -> u32 { 0 }`. Rejected tool_claim deflateFixed [2621], deflateDynamic [2700], hash_cleanup [1048], lodepng_inflate [2782] (all different C fns)."
deflate,lodepng.c,2120,"(out: unsigned char **, outsize: size_t *, in: const unsigned char *, insize: size_t, settings: const LodePNGCompressSettings *) -> unsigned int",lodepng_deflate,lodepng_deflate,CLAIMED,yes,Fixed_5_Compile_Failed,deflate,deflate,0.219,-0.139,ABSTAIN,CONFLICT,STUB:deflate,"STUB: PtrTrans lodepng crate is a stub crate; this Rust fn is the tool's designated slot for the C fn (name/signature/doc comment cite it) but its body is an empty placeholder. Convert to NONE if strict 'implements' is required. C:2120 (custom_deflate dispatch else lodepng_deflate; error 111). src/lodepng.rs:574 `deflate(out, outsize, input, insize, settings) -> u32 { 0 }`. Rejected tool_claim lodepng_deflate [2883] (C:2110)."
update_adler32,lodepng.c,2138,"(adler: unsigned int, data: const unsigned char *, len: unsigned int) -> unsigned int",deflate;update_adler32,deflate,CLAIMED,yes,Fixed_5_Compile_Failed,update_adler32,translated_bit_manipulation,0.155,-0.349,ABSTAIN,CONFLICT,STUB:update_adler32,"STUB: PtrTrans lodepng crate is a stub crate; this Rust fn is the tool's designated slot for the C fn (name/signature/doc comment cite it) but its body is an empty placeholder. Convert to NONE if strict 'implements' is required. C:2138 (5552-block loop, mod 65521). src/lodepng.rs:583 `update_adler32(adler: u32, data: &[u8], len: usize) -> u32 { 0 }`. No fn contains 65521/5552 (grep). Rejected tool_claim deflate [574] and translated_bit_manipulation [688] (fragment stub of pixel bit code, unrelated)."
adler32,lodepng.c,2159,"(data: const unsigned char *, len: unsigned int) -> unsigned int",adler32,adler32,CLAIMED,yes,Fixed_5_Compile_Failed,adler32,isGrayICCProfile,0.283,-0.161,ABSTAIN,CONFLICT,STUB:adler32,"STUB: PtrTrans lodepng crate is a stub crate; this Rust fn is the tool's designated slot for the C fn (name/signature/doc comment cite it) but its body is an empty placeholder. Convert to NONE if strict 'implements' is required. C:2159 `return update_adler32(1u, data, len);`. src/lodepng.rs:757 `adler32(data: &[u8], amount: usize) -> u32 { 0 }`. Rejected tool_claim isGrayICCProfile (stub, unrelated)."
lodepng_zlib_decompressv,lodepng.c,2169,"(out: ucvector *, in: const unsigned char *, insize: size_t, settings: const LodePNGDecompressSettings *) -> unsigned int",lodepng_zlib_decompressv,lodepng_zlib_decompressv,CLAIMED,yes,Fixed_5_Compile_Failed,lodepng_zlib_decompressv,addChunk_zTXt,0.168,-0.193,ABSTAIN,CONFLICT,STUB:lodepng_zlib_decompressv,"STUB: PtrTrans lodepng crate is a stub crate; this Rust fn is the tool's designated slot for the C fn (name/signature/doc comment cite it) but its body is an empty placeholder. Convert to NONE if strict 'implements' is required. C:2169 (CMF/FLG checks 53/24/25/26, inflatev, adler 58). src/lodepng.rs:2855 `lodepng_zlib_decompressv(out, input, insize, settings) -> u32 { 0 }`. Rejected tool_claim addChunk_zTXt (stub, unrelated)."
lodepng_zlib_decompress,lodepng.c,2211,"(out: unsigned char **, outsize: size_t *, in: const unsigned char *, insize: size_t, settings: const LodePNGDecompressSettings *) -> unsigned int",lodepng_zlib_decompress,lodepng_zlib_decompress,CLAIMED,yes,Fixed_5_Compile_Failed,lodepng_zlib_decompress,lodepng_zlib_decompress,0.224,-0.152,ABSTAIN,unanimous,STUB:lodepng_zlib_decompress,"STUB: PtrTrans lodepng crate is a stub crate; this Rust fn is the tool's designated slot for the C fn (name/signature/doc comment cite it) but its body is an empty placeholder. Convert to NONE if strict 'implements' is required. C:2211 (ucvector_init then lodepng_zlib_decompressv). src/lodepng.rs:2897 `lodepng_zlib_decompress(out: Option<&mut Ucvector>, outsize, input, insize, settings) -> u32 { 0 }` (doc describes the decompressv body: 'inflate call and Adler-32 validation'); duplicate same-name def src/lodepng.rs:2919 doc cites the C:2211 signature verbatim. Rejected tool_claim lodepng_zlib_decompressv [2855] (C:2169)."
zlib_decompress,lodepng.c,2221,"(out: unsigned char **, outsize: size_t *, expected_size: size_t, in: const unsigned char *, insize: size_t, settings: const LodePNGDecompressSettings *) -> unsigned int",lodepng_zlib_decompress;zlib_decompress,lodepng_zlib_decompress,CLAIMED,yes,Fixed_5_Compile_Failed,zlib_decompress,zlib_decompress,0.151,-0.209,ABSTAIN,CONFLICT,STUB:zlib_decompress,"STUB: PtrTrans lodepng crate is a stub crate; this Rust fn is the tool's designated slot for the C fn (name/signature/doc comment cite it) but its body is an empty placeholder. Convert to NONE if strict 'implements' is required. C:2221 (custom_zlib dispatch 110, else lodepng_zlib_decompress, expected_size check 109). src/lodepng.rs:2942 `zlib_decompress(out, outsize, expected_size, input, insize, settings) -> u32 { 0 }` -- expected_size param matches C. Rejected tool_claim lodepng_zlib_decompress [2897] (C:2211)."
lodepng_zlib_compress,lodepng.c,2250,"(out: unsigned char **, outsize: size_t *, in: const unsigned char *, insize: size_t, settings: const LodePNGCompressSettings *) -> unsigned int",lodepng_zlib_compress,lodepng_zlib_compress,CLAIMED,yes,Fixed_5_Compile_Failed,lodepng_zlib_compress,lodepng_deflate,0.143,-0.214,ABSTAIN,CONFLICT,STUB:lodepng_zlib_compress,"STUB: PtrTrans lodepng crate is a stub crate; this Rust fn is the tool's designated slot for the C fn (name/signature/doc comment cite it) but its body is an empty placeholder. Convert to NONE if strict 'implements' is required. C:2250 (CMF=120/FLG header, lodepng_deflate, adler32 trailer, error 83). src/lodepng.rs:2976 `lodepng_zlib_compress(out, outsize, input, insize, settings) -> u32 { 0 }`. No fn contains 120/CMF header logic. Rejected tool_claim lodepng_deflate [2883]."
zlib_compress,lodepng.c,2288,"(out: unsigned char **, outsize: size_t *, in: const unsigned char *, insize: size_t, settings: const LodePNGCompressSettings *) -> unsigned int",zlib_compress,zlib_compress,CLAIMED,yes,Fixed_5_Compile_Failed,zlib_compress,lodepng_zlib_compress,0.219,-0.138,ABSTAIN,CONFLICT,STUB:zlib_compress,"STUB: PtrTrans lodepng crate is a stub crate; this Rust fn is the tool's designated slot for the C fn (name/signature/doc comment cite it) but its body is an empty placeholder. Convert to NONE if strict 'implements' is required. C:2288 (custom_zlib dispatch 111, else lodepng_zlib_compress). src/lodepng.rs:898 `zlib_compress(out, outsize, input, insize, settings) -> u32 { 0 }`; two more same-name defs at src/lodepng.rs:2590 and src/lodepng.rs:3056 (garbled signature). Rejected matcher_forced lodepng_zlib_compress [2976] (C:2250, the callee, not this wrapper)."
lodepng_compress_settings_init,lodepng.c,2328,(settings: LodePNGCompressSettings *) -> void,zlib_compress;lodepng_compress_settings_init,zlib_compress,CLAIMED,yes,Fixed_5_Compile_Failed,lodepng_compress_settings_init,HuffmanTree_makeFromLengths2,0.261,-0.277,ABSTAIN,CONFLICT,STUB:lodepng_compress_settings_init,"STUB-ONLY. C lodepng.c:2328 sets btype=2,use_lz77=1,windowsize=2048,minmatch=3,nicematch=128,lazymatching=1,custom_*=0. Rust src/lodepng.rs:907 lodepng_compress_settings_init is an empty fn (and takes LodePNGEncoderSettings, wrong type); a second empty stub with the correct LodePNGCompressSettings param and doc 'Stub for: void lodepng_compress_settings_init(...)' is at src/common/lodepng_mod.rs:153. No fn in the crate assigns btype/windowsize/nicematch (grep 2048/128/nicematch: none). Rejected tool_claim zlib_compress @898 (stub for a different C fn, 5-arg compress signature) and matcher_forced HuffmanTree_makeFromLengths2 @1509 (stub for HuffmanTree_makeFromLengths2)."
lodepng_decompress_settings_init,lodepng.c,2349,(settings: LodePNGDecompressSettings *) -> void,lodepng_decompress_settings_init,lodepng_decompress_settings_init,CLAIMED,yes,Fixed_5_Compile_Failed,lodepng_decompress_settings_init,lodepng_state_cleanup,0.242,-0.205,ABSTAIN,CONFLICT,STUB:lodepng_decompress_settings_init,"STUB-ONLY. C lodepng.c:2349 zeroes ignore_adler32/ignore_nlen/max_output_size/custom_*. Rust src/lodepng.rs:893 lodepng_decompress_settings_init: empty body, doc 'stub for the C function that initializes LodePNGDecompressSettings' (param typed LodePNGDecoderSettings). No fn touches ignore_adler32/ignore_nlen. Rejected matcher_forced lodepng_state_cleanup @3348 (empty stub explicitly for lodepng_state_cleanup)."
lodepng_crc32,lodepng.c,2414,"(data: const unsigned char *, length: size_t) -> unsigned int",lodepng_crc32,lodepng_crc32,CLAIMED,yes,Fixed_5_Compile_Failed,lodepng_crc32,lodepng_crc32,0.198,-0.228,ABSTAIN,unanimous,STUB:lodepng_crc32,"STUB-ONLY. C lodepng.c:2414 table-driven CRC (lodepng_crc32_table, 0xffffffff). Rust src/lodepng.rs:635 lodepng_crc32(data,length) returns 0, doc 'Translated from: unsigned lodepng_crc32(...)'; duplicate 1-arg stub lodepng_crc32 @854 (not in inventory). No CRC table anywhere in crate (grep 1996959894 / 0xedb88320 / 0xffffffff: none)."
readBitFromReversedStream,lodepng.c,2435,"(bitpointer: size_t *, bitstream: const unsigned char *) -> unsigned char",lodepng_crc32,lodepng_crc32,CLAIMED,yes,Fixed_1_Compile_Failed,readBitFromReversedStream,ucvector_init,0.209,-0.263,ABSTAIN,CONFLICT,STUB:readBitFromReversedStream,"STUB-ONLY. C lodepng.c:2435 (bitstream[bp>>3] >> (7-(bp&7))) & 1, ++bp. Rust src/lodepng.rs:769 readBitFromReversedStream returns 0, doc cites the exact C signature. Rejected tool_claim lodepng_crc32 @635 (crc stub) and matcher_forced ucvector_init @828 (stub returning u8 0, unrelated)."
readBitsFromReversedStream,lodepng.c,2442,"(bitpointer: size_t *, bitstream: const unsigned char *, nbits: size_t) -> unsigned int",readBitFromReversedStream,readBitFromReversedStream,CLAIMED,yes,Fixed_5_Compile_Failed,,lodepng_memcpy,0.184,-0.264,ABSTAIN,CONFLICT,STUB:read_bits_from_reversed_stream,"STUB-ONLY. C lodepng.c:2442 loops nbits times shifting in readBitFromReversedStream. Rust src/lodepng.rs:526 read_bits_from_reversed_stream(bitpointer,bitstream,nbits)->u32 returns 0 (snake_case of the C name, same 3-arg shape). Rejected tool_claim readBitFromReversedStream @769 (that is the single-bit C function's stub). Rejected matcher_forced lodepng_memcpy @541 (memcpy stub)."
setBitOfReversedStream,lodepng.c,2452,"(bitpointer: size_t *, bitstream: unsigned char *, bit: unsigned char) -> void",read_bits_from_reversed_stream,read_bits_from_reversed_stream,CLAIMED,yes,Fixed_5_Compile_Failed,,set_bit_of_reversed_stream,0.278,-0.053,ABSTAIN,CONFLICT,set_bit_of_reversed_stream,"REAL. C lodepng.c:2452: if bit==0 clear bit (7-(bp&7)) of bitstream[bp>>3] else set it; ++bp. Rust src/lodepng.rs:338 set_bit_of_reversed_stream: byte_index=*bp>>3, bit_index=7-(*bp&7), if bit==0 {*byte &= !(1<<bit_index)} else {*byte |= 1<<bit_index}, *bp+=1 (adds a bounds-checked get_mut). Exact control-flow match; the only non-stub target in this part. Rejected tool_claim read_bits_from_reversed_stream @526 (stub for readBitsFromReversedStream)."
lodepng_chunk_length,lodepng.c,2463,(chunk: const unsigned char *) -> unsigned int,lodepng_chunk_length,lodepng_chunk_length,CLAIMED,yes,Fixed_5_Compile_Failed,lodepng_chunk_length,get_num_color_channels_stub,0.173,-0.364,ABSTAIN,CONFLICT,STUB:lodepng_chunk_length,"STUB-ONLY. C lodepng.c:2463 returns lodepng_read32bitInt(chunk). Rust src/lodepng.rs:748 lodepng_chunk_length returns 0 (duplicate stub @763, not in inventory). Rejected matcher_forced get_num_color_channels_stub @1461 (stub from getNumColorChannels' switch snippet)."
lodepng_chunk_type,lodepng.c,2467,"(type: char[5], chunk: const unsigned char *) -> void",set_bit_of_reversed_stream,set_bit_of_reversed_stream,CLAIMED,yes,No_Fix_Compile_Success,,lodepng_copy_type_from_chunk,0.435,-0.015,ABSTAIN,CONFLICT,STUB:lodepng_copy_type_from_chunk,"STUB-ONLY. C lodepng.c:2467 copies chunk[4..8] into type[5] and NUL-terminates. Rust src/lodepng.rs:533 lodepng_copy_type_from_chunk(chunk, type_buf: &mut [u8;5]) is a no-op ('Stub only') whose name and [u8;5] out-param describe exactly this C function; no other fn writes a 5-byte type buffer. matcher_forced was right by signature. Rejected tool_claim set_bit_of_reversed_stream @338 (real translation of setBitOfReversedStream, unrelated)."
lodepng_chunk_type_equals,lodepng.c,2473,"(chunk: const unsigned char *, type: const char *) -> unsigned char",lodepng_chunk_length,lodepng_chunk_length,CLAIMED,yes,Fixed_5_Compile_Failed,lodepng_chunk_type_equals,lodepng_chunk_next,0.115,-0.217,ABSTAIN,CONFLICT,STUB:lodepng_chunk_type_equals,"STUB (partial: only the first statement translated, body marked incomplete). PARTIAL. C lodepng.c:2473: if strlen(type)!=4 return 0; return chunk[4..8]==type[0..4]. Rust src/lodepng.rs:331 lodepng_chunk_type_equals(chunk,&str)->u8: translates only the first statement (`if r#type.len()!=4 {return 0;}`) then returns 0 with comment 'Function body is incomplete'. Rejected tool_claim lodepng_chunk_length @748 and matcher_forced lodepng_chunk_next @1112 (both empty stubs for other C fns)."
lodepng_chunk_ancillary,lodepng.c,2478,(chunk: const unsigned char *) -> unsigned char,lodepng_copy_type_from_chunk,lodepng_copy_type_from_chunk,CLAIMED,yes,Fixed_4_Compile_Failed,lodepng_chunk_ancillary,lodepng_chunk_data,0.195,-0.398,ABSTAIN,CONFLICT,STUB:lodepng_chunk_ancillary,STUB-ONLY. C lodepng.c:2478 (chunk[4]&32)!=0. Rust src/lodepng.rs:326 lodepng_chunk_ancillary: unimplemented!() with 'Body not provided'. No fn tests bit 32 of chunk[4]. Rejected tool_claim lodepng_copy_type_from_chunk @533 (stub for lodepng_chunk_type) and matcher_forced lodepng_chunk_data @1181 (stub).
lodepng_chunk_private,lodepng.c,2482,(chunk: const unsigned char *) -> unsigned char,lodepng_chunk_type_equals,lodepng_chunk_type_equals,CLAIMED,yes,No_Fix_Compile_Success,lodepng_chunk_private,lodepng_chunk_private,0.419,-0.211,ABSTAIN,CONFLICT,STUB:lodepng_chunk_private,"STUB-ONLY. C lodepng.c:2482 (chunk[6]&32)!=0. Rust src/lodepng.rs:321 lodepng_chunk_private returns 0, 'direct signature translation only'. Rejected tool_claim lodepng_chunk_type_equals @331 (partial translation of a different C fn)."
lodepng_chunk_safetocopy,lodepng.c,2486,(chunk: const unsigned char *) -> unsigned char,lodepng_chunk_ancillary,lodepng_chunk_ancillary,CLAIMED,yes,No_Fix_Compile_Success,lodepng_chunk_safetocopy,lodepng_chunk_type_equals,0.407,-0.042,ABSTAIN,CONFLICT,STUB:lodepng_chunk_safetocopy,"STUB-ONLY. C lodepng.c:2486 (chunk[7]&32)!=0. Rust src/lodepng.rs:515 lodepng_chunk_safetocopy(chunk: Option<&i8>)->Option<&i8> just returns its argument (wrong return type, no logic). Rejected tool_claim lodepng_chunk_ancillary @326 and matcher_forced lodepng_chunk_type_equals @331 (other C fns)."
lodepng_chunk_data,lodepng.c,2490,(chunk: unsigned char *) -> unsigned char *,lodepng_chunk_private,lodepng_chunk_private,CLAIMED,yes,No_Fix_Compile_Success,lodepng_chunk_data,lodepng_chunk_ancillary,0.633,0.003,ABSTAIN,CONFLICT,STUB:lodepng_chunk_data,STUB-ONLY. C lodepng.c:2490 returns &chunk[8]. Rust src/lodepng.rs:1181 lodepng_chunk_data returns None ('no-op implementation stub'). Rejected tool_claim lodepng_chunk_private @321 and matcher_forced lodepng_chunk_ancillary @326.
lodepng_chunk_data_const,lodepng.c,2494,(chunk: const unsigned char *) -> const unsigned char *,lodepng_chunk_safetocopy,lodepng_chunk_safetocopy,CLAIMED,yes,No_Fix_Compile_Success,lodepng_chunk_data_const,lodepng_chunk_data_const,0.262,-0.331,ABSTAIN,CONFLICT,STUB:lodepng_chunk_data_const,STUB-ONLY. C lodepng.c:2494 returns &chunk[8]. Rust src/lodepng.rs:1186 lodepng_chunk_data_const returns None. Rejected tool_claim lodepng_chunk_safetocopy @515 (identity stub for a different C fn).
lodepng_chunk_check_crc,lodepng.c,2498,(chunk: const unsigned char *) -> unsigned int,lodepng_chunk_data;lodepng_chunk_data_const,lodepng_chunk_data,CLAIMED,yes,Fixed_1_Compile_Failed,lodepng_chunk_check_crc,lodepng_palette_add,0.165,-0.34,ABSTAIN,CONFLICT,STUB:lodepng_chunk_check_crc,"STUB-ONLY. C lodepng.c:2498 compares read32bitInt(&chunk[length+8]) with crc32(&chunk[4],length+4) -> 1/0. Rust src/lodepng.rs:1198 lodepng_chunk_check_crc returns 0, doc 'Stub for the C function lodepng_chunk_check_crc'. Rejected tool_claims lodepng_chunk_data @1181 / lodepng_chunk_data_const @1186 and matcher_forced lodepng_palette_add @1906 (all stubs for other C fns)."
lodepng_chunk_generate_crc,lodepng.c,2507,(chunk: unsigned char *) -> void,lodepng_chunk_check_crc,lodepng_chunk_check_crc,CLAIMED,yes,Fixed_5_Compile_Failed,lodepng_chunk_generate_crc,lodepng_chunk_find,0.159,-0.324,ABSTAIN,CONFLICT,STUB:lodepng_chunk_generate_crc,"STUB-ONLY. C lodepng.c:2507 crc32(&chunk[4],length+4) then set32bitInt(chunk+8+length). Rust src/lodepng.rs:1109 lodepng_chunk_generate_crc is a no-op. Rejected tool_claim lodepng_chunk_check_crc @1198 and matcher_forced lodepng_chunk_find @1585."
lodepng_chunk_next,lodepng.c,2513,"(chunk: unsigned char *, end: unsigned char *) -> unsigned char *",lodepng_chunk_generate_crc;lodepng_chunk_next,lodepng_chunk_generate_crc,CLAIMED,yes,Fixed_3_Compile_Failed,lodepng_chunk_next,color_tree_get,0.164,-0.342,ABSTAIN,CONFLICT,STUB:lodepng_chunk_next,"STUB-ONLY. C lodepng.c:2513 checks available_size<12, PNG magic 0x89 0x50 0x4e 0x47 0x0d 0x0a 0x1a 0x0a -> chunk+8, else addofl(length,12). Rust src/lodepng.rs:1112 lodepng_chunk_next returns None. No PNG-magic bytes anywhere in crate (grep 0x89/0x4e/0x1a: none). Rejected tool_claim lodepng_chunk_generate_crc @1109 and matcher_forced color_tree_get @1539."
lodepng_chunk_next_const,lodepng.c,2528,"(chunk: const unsigned char *, end: const unsigned char *) -> const unsigned char *",lodepng_chunk_next_const,lodepng_chunk_next_const,CLAIMED,yes,Fixed_1_Compile_Failed,lodepng_chunk_next_const,lodepng_chunk_find_const,0.15,-0.317,ABSTAIN,CONFLICT,STUB:lodepng_chunk_next_const,STUB-ONLY. C lodepng.c:2528 identical to lodepng_chunk_next with const pointers. Rust src/lodepng.rs:1118 lodepng_chunk_next_const returns None. Rejected matcher_forced lodepng_chunk_find_const @1128 (stub for lodepng_chunk_find_const).
lodepng_chunk_find,lodepng.c,2543,"(chunk: unsigned char *, end: unsigned char *, type: const char[5]) -> unsigned char *",lodepng_chunk_find,lodepng_chunk_find,CLAIMED,yes,Fixed_3_Compile_Failed,lodepng_chunk_find,lodepng_chunk_check_crc,0.102,-0.375,ABSTAIN,CONFLICT,STUB:lodepng_chunk_find,STUB-ONLY. C lodepng.c:2543 loop: end-chunk<12 -> 0; type_equals -> chunk; chunk=chunk_next. Rust src/lodepng.rs:1585 lodepng_chunk_find returns None (only `let _ =` lines); duplicate stub @1597 (not in inventory) with doc citing the C signature. Rejected matcher_forced lodepng_chunk_check_crc @1198.
lodepng_chunk_find_const,lodepng.c,2551,"(chunk: const unsigned char *, end: const unsigned char *, type: const char[5]) -> const unsigned char *",lodepng_chunk_find,lodepng_chunk_find,CLAIMED,yes,Fixed_1_Compile_Failed,lodepng_chunk_find_const,lodepng_chunk_length,0.102,-0.375,ABSTAIN,CONFLICT,STUB:lodepng_chunk_find_const,"STUB-ONLY. C lodepng.c:2551 const variant of chunk_find. Rust src/lodepng.rs:1128 lodepng_chunk_find_const returns None, doc 'Corresponds to: const unsigned char* lodepng_chunk_find_const(...)'. Rejected tool_claim lodepng_chunk_find @1585 (non-const C fn's stub) and matcher_forced lodepng_chunk_length @748."
lodepng_chunk_append,lodepng.c,2559,"(out: unsigned char **, outsize: size_t *, chunk: const unsigned char *) -> unsigned int",lodepng_chunk_find_const;lodepng_chunk_append,lodepng_chunk_find_const,CLAIMED,yes,Fixed_5_Compile_Failed,lodepng_chunk_append,lodepng_chunk_append,0.179,-0.24,ABSTAIN,CONFLICT,STUB:lodepng_chunk_append,"STUB-ONLY. C lodepng.c:2559 addofl x2 (err 77), realloc (err 83), byte copy. Rust src/lodepng.rs:1143 lodepng_chunk_append returns 0, doc 'Corresponds to: unsigned lodepng_chunk_append(...)'. No fn returns 77 anywhere (grep: none). Rejected tool_claim lodepng_chunk_find_const @1128."
lodepng_chunk_init,lodepng.c,2582,"(chunk: unsigned char **, out: ucvector *, length: unsigned int, type: const char *) -> unsigned int",lodepng_chunk_init,,CLAIMED,NO,Fixed_1_Compile_Failed,,lodepng_assign_icc,0.121,-0.227,ABSTAIN,single-source,NONE,"NONE (analyzer limitation: Rust fn exists in source but is absent from the rust-analyzer inventory, so it cannot be a matcher target). STUB-ONLY, and the target is MISSING FROM THE INVENTORY: src/lodepng.rs:2014 `pub fn lodepng_chunk_init(_chunk: Option<&mut i8>, _out: Option<&mut Ucvector>, _r#type: Option<&i8>) -> u32 { 0 }` (probably dropped by the inventory parser because of the `_r#type` param). C lodepng.c:2582 (chunk**, out ucvector*, length, type): addofl (77), ucvector_resize (83), set32bitInt(length), memcpy type. The Rust stub has the same name and chunk/out/type params (length param dropped), doc 'Stub translated from an inferred C function surrounding the provided snippet'. The tool_claim (lodepng_chunk_init) was therefore correct in name. Rejected matcher_forced lodepng_assign_icc @620 (call-site stub for lodepng_assign_icc). If the inventory must be authoritative, this row becomes NONE."
lodepng_chunk_createv,lodepng.c,2601,"(out: ucvector *, length: unsigned int, type: const char *, data: const unsigned char *) -> unsigned int",lodepng_chunk_createv,lodepng_chunk_createv,CLAIMED,yes,Fixed_3_Compile_Failed,lodepng_chunk_createv,count_zeros,0.126,-0.254,ABSTAIN,CONFLICT,STUB:lodepng_chunk_createv,"STUB-ONLY. C lodepng.c:2601 (out, length, type, data): chunk_init, memcpy data to chunk+8, generate_crc. Rust src/lodepng.rs:2264 lodepng_chunk_createv(out,type_,data,length,chunk-out-param) returns 0; doc says the snippet 'is part of a function ... commonly named lodepng_chunk_createv'; the extra `chunk` out-param is the local `unsigned char* chunk` of the C body leaked into the signature. Rejected matcher_forced count_zeros @865 (LZ77 zeros-count stub)."
lodepng_chunk_create,lodepng.c,2615,"(out: unsigned char **, outsize: size_t *, length: unsigned int, type: const char *, data: const unsigned char *) -> unsigned int",lodepng_chunk_createv,lodepng_chunk_createv,CLAIMED,yes,Fixed_4_Compile_Failed,lodepng_chunk_create,lodepng_chunk_create,0.258,-0.123,ABSTAIN,CONFLICT,STUB:lodepng_chunk_create,"STUB-ONLY. C lodepng.c:2615 ucvector_init(*out,*outsize); createv; write back data/size. Rust src/lodepng.rs:918 lodepng_chunk_create returns 0, doc 'Stub for: unsigned lodepng_chunk_create(unsigned char** out, size_t* outsize, unsigned length, const char* type, const unsigned char* data)'. Rejected tool_claim lodepng_chunk_createv @2264 (stub for the static createv)."
checkColorValidity,lodepng.c,2630,"(colortype: LodePNGColorType, bd: unsigned int) -> unsigned int",lodepng_chunk_create;checkColorValidity,lodepng_chunk_create,CLAIMED,yes,Fixed_1_Compile_Failed,checkColorValidity,checkColorValidity,0.209,-0.284,ABSTAIN,CONFLICT,STUB:checkColorValidity,"STUB-ONLY. C lodepng.c:2630 switch on colortype, bitdepth checks returning 37, invalid type 31. Rust src/lodepng.rs:929 checkColorValidity returns 0, doc 'Stub for: static unsigned checkColorValidity(LodePNGColorType colortype, unsigned bd)'. No fn returns 37 or 31 (grep: none). Rejected tool_claim lodepng_chunk_create @918."
getNumColorChannels,lodepng.c,2643,(colortype: LodePNGColorType) -> unsigned int,getNumColorChannels,getNumColorChannels,CLAIMED,yes,Fixed_5_Compile_Failed,getNumColorChannels,lodepng_filesize,0.3,-0.026,ABSTAIN,CONFLICT,STUB:getNumColorChannels,"STUB-ONLY. C lodepng.c:2643 switch GREY->1, RGB->3, PALETTE->1, GREY_ALPHA->2, RGBA->4. Rust src/lodepng.rs:937 getNumColorChannels returns 0 ('Stub translated from: static unsigned getNumColorChannels(...)'); duplicate stub @1255 (not in inventory). A THIRD stub for the same C body exists: get_num_color_channels_stub @1461, whose doc quotes 'case LCT_GREY: return 1; case LCT_RGB: return 3; case LCT_PALETTE: return 1' — i.e. it was generated from this C function's switch, but it is also empty. Chose the same-name signature stub as canonical; get_num_color_channels_stub is a duplicate placeholder, not a translation of any other C fn. Rejected matcher_forced lodepng_filesize @405 (unimplemented!() stub)."
lodepng_get_bpp_lct,lodepng.c,2655,"(colortype: LodePNGColorType, bitdepth: unsigned int) -> unsigned int",get_num_color_channels_stub,get_num_color_channels_stub,CLAIMED,yes,Fixed_5_Compile_Failed,lodepng_get_bpp_lct,lodepng_get_bpp_lct,0.218,-0.275,ABSTAIN,CONFLICT,STUB:lodepng_get_bpp_lct,"STUB-ONLY. C lodepng.c:2655 getNumColorChannels(colortype)*bitdepth. Rust src/lodepng.rs:1262 lodepng_get_bpp_lct returns 0, doc cites the C signature. Rejected tool_claim get_num_color_channels_stub @1461 (duplicate stub of getNumColorChannels, see that row)."
lodepng_color_mode_init,lodepng.c,2662,(info: LodePNGColorMode *) -> void,getNumColorChannels;lodepng_get_bpp_lct,getNumColorChannels,CLAIMED,yes,Fixed_5_Compile_Failed,lodepng_color_mode_init,lodepng_is_greyscale_type,0.16,-0.346,ABSTAIN,CONFLICT,STUB:lodepng_color_mode_init,"STUB-ONLY. C lodepng.c:2662 key_defined=0,key_rgb=0,colortype=LCT_RGBA,bitdepth=8,palette=0,palettesize=0. Rust src/lodepng.rs:1308 lodepng_color_mode_init no-op stub, doc 'Stub for: void lodepng_color_mode_init(LodePNGColorMode* info)'. No fn assigns colortype=RGBA/bitdepth=8. Rejected tool_claims getNumColorChannels @937 / lodepng_get_bpp_lct @1262 and matcher_forced lodepng_is_greyscale_type @1290 (stubs for other C fns)."
lodepng_color_mode_alloc_palette,lodepng.c,2672,(info: LodePNGColorMode *) -> void,lodepng_color_mode_init;lodepng_color_mode_alloc_palette,lodepng_color_mode_init,CLAIMED,yes,Fixed_1_Compile_Failed,lodepng_color_mode_alloc_palette,HuffmanTree_makeTable,0.106,-0.433,ABSTAIN,CONFLICT,STUB:lodepng_color_mode_alloc_palette,"STUB-ONLY. C lodepng.c:2672 malloc(1024), fill 256 entries with 0,0,0,255. Rust src/lodepng.rs:1315 lodepng_color_mode_alloc_palette no-op stub, doc cites 'static void lodepng_color_mode_alloc_palette'. No fn writes palette[i*4+3]=255 (grep 1024 only hits the struct field). Rejected tool_claim lodepng_color_mode_init @1308 and matcher_forced HuffmanTree_makeTable @1021."
lodepng_color_mode_cleanup,lodepng.c,2689,(info: LodePNGColorMode *) -> void,lodepng_color_mode_cleanup,lodepng_color_mode_cleanup,CLAIMED,yes,Fixed_5_Compile_Failed,lodepng_color_mode_cleanup,lodepng_is_palette_type,0.169,-0.337,ABSTAIN,CONFLICT,STUB:lodepng_color_mode_cleanup,"STUB-ONLY. C lodepng.c:2689 calls lodepng_palette_clear. Rust src/lodepng.rs:1886 lodepng_color_mode_cleanup no-op stub (duplicate no-op @2141, not in inventory). Rejected matcher_forced lodepng_is_palette_type @1302."
lodepng_color_mode_copy,lodepng.c,2693,"(dest: LodePNGColorMode *, source: const LodePNGColorMode *) -> unsigned int",lodepng_color_mode_cleanup,lodepng_color_mode_cleanup,CLAIMED,yes,Fixed_5_Compile_Failed,,addChunk_gAMA,0.178,-0.187,ABSTAIN,CONFLICT,NONE,"C lodepng.c:2693: cleanup(dest), memcpy struct, if source->palette malloc(1024) + memcpy palettesize*4, err 83. Searched crate for 'color_mode_copy', 'ColorMode.*copy', 'memcpy(dest', '1024', 'palettesize' — no function named or documented as this C function and no body copying a palette. The only palette mention is a doc comment at src/lodepng.rs:1444 explicitly saying no stub was generated (that snippet was lodepng_palette_add's anyway). Rejected tool_claim lodepng_color_mode_cleanup @1886 (stub for the C cleanup fn, which copy merely calls) and matcher_forced addChunk_gAMA @2365 (encoder chunk stub)."
lodepng_color_mode_make,lodepng.c,2704,"(colortype: LodePNGColorType, bitdepth: unsigned int) -> LodePNGColorMode",lodepng_color_mode_make,lodepng_color_mode_make,CLAIMED,yes,Fixed_3_Compile_Failed,lodepng_color_mode_make,lodepng_color_mode_make,0.265,-0.219,ABSTAIN,unanimous,STUB:lodepng_color_mode_make,STUB-ONLY. C lodepng.c:2704 init + set colortype/bitdepth. Rust src/lodepng.rs:1318 lodepng_color_mode_make returns LodePNGColorMode::default() ignoring its arguments ('default stub').
lodepng_color_mode_equal,lodepng.c,2712,"(a: const LodePNGColorMode *, b: const LodePNGColorMode *) -> int",lodepng_color_mode_make;lodepng_color_mode_equal,lodepng_color_mode_make,CLAIMED,yes,Fixed_3_Compile_Failed,lodepng_color_mode_equal,addChunk_cHRM,0.169,-0.195,ABSTAIN,CONFLICT,STUB:lodepng_color_mode_equal,"STUB-ONLY. C lodepng.c:2712 field-by-field compare incl. palette bytes. Rust src/lodepng.rs:1326 lodepng_color_mode_equal returns 0 ('equality not evaluated'), doc cites C signature. Rejected tool_claim lodepng_color_mode_make @1318 and matcher_forced addChunk_cHRM @2368."
lodepng_palette_clear,lodepng.c,2729,(info: LodePNGColorMode *) -> void,lodepng_palette_clear,lodepng_palette_clear,CLAIMED,yes,Fixed_3_Compile_Failed,lodepng_palette_clear,lodepng_is_alpha_type,0.158,-0.349,ABSTAIN,CONFLICT,STUB:lodepng_palette_clear,"STUB-ONLY. C lodepng.c:2729 free palette, palette=0, palettesize=0. Rust src/lodepng.rs:1269 lodepng_palette_clear no-op stub (duplicate no-op @1899, not in inventory), doc cites C signature. Rejected matcher_forced lodepng_is_alpha_type @1296."
lodepng_palette_add,lodepng.c,2735,"(info: LodePNGColorMode *, r: unsigned char, g: unsigned char, b: unsigned char, a: unsigned char) -> unsigned int",lodepng_palette_clear;lodepng_palette_add,lodepng_palette_clear,CLAIMED,yes,Fixed_2_Compile_Failed,lodepng_palette_add,zlib_compress,0.15,-0.208,ABSTAIN,CONFLICT,STUB:lodepng_palette_add,"STUB-ONLY. C lodepng.c:2735 alloc_palette if null (83), palettesize>=256 -> 108, write 4 bytes, ++palettesize. Rust src/lodepng.rs:1906 lodepng_palette_add returns 0, doc cites C signature. A doc-only comment @1444-1452 quotes this body ('writes RGBA values into a palette and increments palettesize') but generates no fn. No fn returns 108 (grep: only the version string). Rejected tool_claim lodepng_palette_clear @1269 and matcher_forced zlib_compress @898."
lodepng_get_bpp,lodepng.c,2753,(info: const LodePNGColorMode *) -> unsigned int,lodepng_get_bpp,lodepng_get_bpp,CLAIMED,yes,Fixed_5_Compile_Failed,lodepng_get_bpp,lodepng_get_channels,0.16,-0.346,ABSTAIN,CONFLICT,STUB:lodepng_get_bpp,"STUB-ONLY. C lodepng.c:2753 get_bpp_lct(info->colortype, info->bitdepth). Rust src/lodepng.rs:1276 lodepng_get_bpp returns 0 (duplicate stub @1937, not in inventory). Rejected matcher_forced lodepng_get_channels @1283 (stub for the sibling C fn)."
lodepng_get_channels,lodepng.c,2757,(info: const LodePNGColorMode *) -> unsigned int,,,UNNAMED,,Fixed_5_Compile_Failed,lodepng_get_channels,lodepng_get_bpp,0.162,-0.344,ABSTAIN,CONFLICT,STUB:lodepng_get_channels,"STUB-ONLY. C lodepng.c:2757 getNumColorChannels(info->colortype). Rust src/lodepng.rs:1283 lodepng_get_channels returns 0, doc cites C signature. Rejected matcher_forced lodepng_get_bpp @1276."
lodepng_is_greyscale_type,lodepng.c,2761,(info: const LodePNGColorMode *) -> unsigned int,lodepng_get_bpp,lodepng_get_bpp,CLAIMED,yes,Fixed_5_Compile_Failed,lodepng_is_greyscale_type,lodepng_decoder_settings_init,0.156,-0.293,ABSTAIN,CONFLICT,STUB:lodepng_is_greyscale_type,"STUB-ONLY. C lodepng.c:2761 colortype==GREY||GREY_ALPHA. Rust src/lodepng.rs:1290 returns 0, doc cites C signature. Rejected tool_claim lodepng_get_bpp @1276 and matcher_forced lodepng_decoder_settings_init @1231."
lodepng_is_alpha_type,lodepng.c,2765,(info: const LodePNGColorMode *) -> unsigned int,lodepng_get_channels,lodepng_get_channels,CLAIMED,yes,Fixed_5_Compile_Failed,lodepng_is_alpha_type,LodePNGIText_init,0.181,-0.267,ABSTAIN,CONFLICT,STUB:lodepng_is_alpha_type,"STUB-ONLY. C lodepng.c:2765 (colortype&4)!=0. Rust src/lodepng.rs:1296 returns 0, doc cites C signature. Rejected tool_claim lodepng_get_channels @1283 and matcher_forced LodePNGIText_init @1733."
lodepng_is_palette_type,lodepng.c,2769,(info: const LodePNGColorMode *) -> unsigned int,lodepng_is_greyscale_type,lodepng_is_greyscale_type,CLAIMED,yes,Fixed_5_Compile_Failed,lodepng_is_palette_type,lodepng_color_stats_init,0.41,-0.049,ABSTAIN,CONFLICT,STUB:lodepng_is_palette_type,"STUB-ONLY. C lodepng.c:2769 colortype==LCT_PALETTE. Rust src/lodepng.rs:1302 returns 0, doc cites C signature. Rejected tool_claim lodepng_is_greyscale_type @1290 and matcher_forced lodepng_color_stats_init @911."
lodepng_has_palette_alpha,lodepng.c,2773,(info: const LodePNGColorMode *) -> unsigned int,lodepng_is_alpha_type;lodepng_is_palette_type,lodepng_is_alpha_type,CLAIMED,yes,Fixed_5_Compile_Failed,lodepng_has_palette_alpha,LodePNGIText_cleanup,0.17,-0.279,ABSTAIN,CONFLICT,STUB:lodepng_has_palette_alpha,"STUB-ONLY. C lodepng.c:2773 loop palette[i*4+3]<255 -> 1. Rust src/lodepng.rs:1893 lodepng_has_palette_alpha returns 0, doc cites C signature. A second empty stub has_palette_alpha_stub @1951 (param LodePNGInfo) quotes this exact C loop in its doc — duplicate placeholder for the same C fn, chose the same-name one. Rejected tool_claims lodepng_is_alpha_type @1296 / lodepng_is_palette_type @1302 and matcher_forced LodePNGIText_cleanup @1736."
lodepng_can_have_alpha,lodepng.c,2781,(info: const LodePNGColorMode *) -> unsigned int,lodepng_has_palette_alpha,lodepng_has_palette_alpha,CLAIMED,yes,Fixed_5_Compile_Failed,lodepng_can_have_alpha,lodepng_info_cleanup,0.181,-0.272,ABSTAIN,CONFLICT,STUB:lodepng_can_have_alpha,"STUB-ONLY. C lodepng.c:2781 key_defined || is_alpha_type || has_palette_alpha. Rust src/lodepng.rs:2230 lodepng_can_have_alpha returns 0, doc cites C signature. Rejected tool_claim lodepng_has_palette_alpha @1893 and matcher_forced lodepng_info_cleanup @2158."
lodepng_get_raw_size_lct,lodepng.c,2787,"(w: unsigned int, h: unsigned int, colortype: LodePNGColorType, bitdepth: unsigned int) -> size_t",has_palette_alpha_stub,has_palette_alpha_stub,CLAIMED,yes,Fixed_5_Compile_Failed,lodepng_get_raw_size_lct,lodepng_get_raw_size_lct,0.228,-0.25,ABSTAIN,CONFLICT,STUB:lodepng_get_raw_size_lct,"STUB-ONLY. C lodepng.c:2787 (n/8)*bpp + ((n&7)*bpp+7)/8. Rust src/lodepng.rs:518 lodepng_get_raw_size_lct(w,h,colortype,bitdepth) returns 0. Rejected tool_claim has_palette_alpha_stub @1951 (duplicate stub of lodepng_has_palette_alpha)."
lodepng_get_raw_size,lodepng.c,2793,"(w: unsigned int, h: unsigned int, color: const LodePNGColorMode *) -> size_t",lodepng_can_have_alpha,lodepng_can_have_alpha,CLAIMED,yes,Fixed_5_Compile_Failed,lodepng_get_raw_size,read_chunk_srgb,0.253,-0.126,ABSTAIN,CONFLICT,STUB:lodepng_get_raw_size,"STUB-ONLY. C lodepng.c:2793 get_raw_size_lct(w,h,color->colortype,color->bitdepth). Rust src/lodepng.rs:2185 lodepng_get_raw_size returns 0 ('Rust stub for: size_t lodepng_get_raw_size'); a second identical stub is at src/common/lodepng_mod.rs:11. Rejected tool_claim lodepng_can_have_alpha @2230 and matcher_forced read_chunk_srgb @3026."
lodepng_get_raw_size_idat,lodepng.c,2803,"(w: unsigned int, h: unsigned int, bpp: unsigned int) -> size_t",lodepng_get_raw_size_lct,lodepng_get_raw_size_lct,CLAIMED,yes,Fixed_5_Compile_Failed,lodepng_get_raw_size_idat,lodepng_get_raw_size_idat,0.309,-0.195,ABSTAIN,CONFLICT,STUB:lodepng_get_raw_size_idat,"STUB-ONLY. C lodepng.c:2803 line=(w/8)*bpp+1+((w&7)*bpp+7)/8; h*line. Rust src/lodepng.rs:2190 lodepng_get_raw_size_idat returns 0, doc cites C signature. Rejected tool_claim lodepng_get_raw_size_lct @518."
lodepng_pixel_overflow,lodepng.c,2819,"(w: unsigned int, h: unsigned int, pngcolor: const LodePNGColorMode *, rawcolor: const LodePNGColorMode *) -> int",lodepng_get_raw_size;lodepng_get_raw_size_idat;lodepng_pixel_overflow,lodepng_get_raw_size,CLAIMED,yes,Fixed_5_Compile_Failed,lodepng_pixel_overflow,lodepng_set_icc,0.152,-0.203,ABSTAIN,CONFLICT,STUB:lodepng_pixel_overflow,"STUB-ONLY. C lodepng.c:2819 chain of mulofl/addofl checks (+5 per line), returns 1 on overflow. Rust src/lodepng.rs:2203 lodepng_pixel_overflow returns 0, doc cites C signature. Rejected tool_claims lodepng_get_raw_size @2185 / lodepng_get_raw_size_idat @2190 and matcher_forced lodepng_set_icc @1664."
LodePNGUnknownChunks_init,lodepng.c,2842,(info: LodePNGInfo *) -> void,lodepng_mulofl,lodepng_mulofl,CLAIMED,yes,Fixed_5_Compile_Failed,,LodePNGText_init,0.157,-0.292,ABSTAIN,CONFLICT,STUB:lodepng_unknown_chunks_init,STUB-ONLY. C lodepng.c:2842 zero unknown_chunks_data[3]/size[3]. Rust src/lodepng.rs:628 lodepng_unknown_chunks_init(dest: Option<&mut ()>) is an empty fn generated from the call `LodePNGUnknownChunks_init(dest)` inside lodepng_info_copy (hence the param name `dest` and the () type); no other fn touches unknown_chunks_*. Rejected tool_claim lodepng_mulofl @1678 (overflow-check stub) and matcher_forced LodePNGText_init @1698 (stub for the text init).
LodePNGUnknownChunks_cleanup,lodepng.c,2848,(info: LodePNGInfo *) -> void,lodepng_mulofl;LodePNGUnknownChunks_cleanup,lodepng_mulofl,CLAIMED,yes,Fixed_3_Compile_Failed,LodePNGUnknownChunks_cleanup,has_palette_alpha_stub,0.161,-0.29,ABSTAIN,CONFLICT,STUB:LodePNGUnknownChunks_cleanup,"STUB-ONLY. C lodepng.c:2848 frees unknown_chunks_data[0..3]. Rust src/lodepng.rs:1689 LodePNGUnknownChunks_cleanup no-op, doc 'Stub for LodePNGUnknownChunks_cleanup'. Rejected tool_claim lodepng_mulofl @1678 and matcher_forced has_palette_alpha_stub @1951."
LodePNGUnknownChunks_copy,lodepng.c,2853,"(dest: LodePNGInfo *, src: const LodePNGInfo *) -> unsigned int",LodePNGUnknownChunks_copy,LodePNGUnknownChunks_copy,CLAIMED,yes,Fixed_5_Compile_Failed,LodePNGUnknownChunks_copy,read_chunk_time,0.155,-0.186,ABSTAIN,CONFLICT,STUB:LodePNGUnknownChunks_copy,"STUB-ONLY. C lodepng.c:2853 cleanup(dest), per i<3 malloc+byte copy, err 83. Rust src/lodepng.rs:2065 LodePNGUnknownChunks_copy returns 0, doc cites the exact C signature. A second call-site-derived empty stub lodepng_unknown_chunks_copy @630 (dest/source: Option<&mut ()>) is a duplicate placeholder for the same C fn; chose the one citing the C signature. Rejected matcher_forced read_chunk_time @1805."
LodePNGText_init,lodepng.c,2873,(info: LodePNGInfo *) -> void,LodePNGText_init,LodePNGText_init,CLAIMED,yes,Fixed_5_Compile_Failed,LodePNGText_init,lodepng_add_text_sized,0.244,-0.122,ABSTAIN,CONFLICT,STUB:LodePNGText_init,"STUB-ONLY. C lodepng.c:2873 text_num=0, keys/strings=NULL. Rust src/lodepng.rs:1698 LodePNGText_init no-op (duplicate no-op @1701, not in inventory), doc cites 'void LodePNGText_init(LodePNGInfo* info)'. Rejected matcher_forced lodepng_add_text_sized @1710."
LodePNGText_cleanup,lodepng.c,2879,(info: LodePNGInfo *) -> void,LodePNGText_init,LodePNGText_init,CLAIMED,yes,Fixed_3_Compile_Failed,LodePNGText_cleanup,lodepng_clear_text,0.158,-0.29,ABSTAIN,CONFLICT,STUB:LodePNGText_cleanup,"STUB-ONLY. C lodepng.c:2879 string_cleanup each key/string, free arrays. Rust src/lodepng.rs:2446 LodePNGText_cleanup 'Default no-op body'. Rejected tool_claim LodePNGText_init @1698 and matcher_forced lodepng_clear_text @1730 (C clear_text merely calls Text_cleanup; separate stub exists)."
LodePNGText_copy,lodepng.c,2889,"(dest: LodePNGInfo *, source: const LodePNGInfo *) -> unsigned int",LodePNGText_cleanup,LodePNGText_cleanup,CLAIMED,yes,Fixed_5_Compile_Failed,,ensure_bits17,0.138,-0.25,ABSTAIN,CONFLICT,STUB:lodepng_text_copy,"STUB-ONLY. C lodepng.c:2889 null dest text fields, loop lodepng_add_text over source->text_num. Rust src/lodepng.rs:614 lodepng_text_copy(dest,source)->u32 returns 0 — call-site-derived placeholder (from `LodePNGText_copy(dest, source)` in lodepng_info_copy), params typed Option<&mut ()>. No other fn loops over text_num. Rejected tool_claim LodePNGText_cleanup @2446 (cleanup stub) and matcher_forced ensure_bits17 @973 (bit-reader stub)."
lodepng_add_text_sized,lodepng.c,2900,"(info: LodePNGInfo *, key: const char *, str: const char *, size: size_t) -> unsigned int",lodepng_add_text_sized,lodepng_add_text_sized,CLAIMED,yes,Fixed_5_Compile_Failed,lodepng_add_text_sized,getPixelColorsRGB8,0.114,-0.214,ABSTAIN,CONFLICT,STUB:lodepng_add_text_sized,"STUB-ONLY. C lodepng.c:2900 realloc keys/strings (83), ++text_num, alloc_string(key), alloc_string_sized(str,size). Rust src/lodepng.rs:1710 lodepng_add_text_sized returns 0, doc cites exact C signature. A second empty stub lodepng_add_text_entry @2071 (info,key,str_val,size; doc: 'operating on info->text_keys and info->text_strings ... matching the return 83 semantics') was generated from this same C body — duplicate placeholder, chose the same-name one. Rejected matcher_forced getPixelColorsRGB8 @1388."
lodepng_add_text,lodepng.c,2917,"(info: LodePNGInfo *, key: const char *, str: const char *) -> unsigned int",lodepng_add_text,lodepng_add_text,CLAIMED,yes,Fixed_5_Compile_Failed,lodepng_add_text,get_tree_inflate_dynamic,0.236,-0.121,ABSTAIN,CONFLICT,STUB:lodepng_add_text,"STUB-ONLY. C lodepng.c:2917 add_text_sized(info,key,str,strlen(str)). Rust src/lodepng.rs:1723 lodepng_add_text returns 0, doc cites C signature (duplicate stub @2084 with Option<&LodePNGInfo>, not in inventory). Rejected matcher_forced get_tree_inflate_dynamic @2416."
lodepng_clear_text,lodepng.c,2921,(info: LodePNGInfo *) -> void,lodepng_add_text_entry,lodepng_add_text_entry,CLAIMED,yes,Fixed_4_Compile_Failed,lodepng_clear_text,lodepng_clear_itext,0.245,-0.215,ABSTAIN,CONFLICT,STUB:lodepng_clear_text,"STUB-ONLY. C lodepng.c:2921 calls LodePNGText_cleanup. Rust src/lodepng.rs:1730 lodepng_clear_text no-op, doc cites C signature. Rejected tool_claim lodepng_add_text_entry @2071 (duplicate stub of lodepng_add_text_sized) and matcher_forced lodepng_clear_itext @1741 (itext sibling)."
LodePNGIText_init,lodepng.c,2927,(info: LodePNGInfo *) -> void,lodepng_add_text;lodepng_clear_text,lodepng_add_text,CLAIMED,yes,Fixed_5_Compile_Failed,LodePNGIText_init,lodepng_clear_icc,0.234,-0.215,ABSTAIN,CONFLICT,STUB:LodePNGIText_init,"STUB-ONLY. C lodepng.c:2927 itext_num=0, four arrays=NULL. Rust src/lodepng.rs:1733 LodePNGIText_init no-op. Note: the out-of-inventory duplicate lodepng_clear_itext @2105 has a real 3-line body setting itext_langtags/transkeys/strings=None — a fragment of this init (C 2930-2932) mislabelled as clear_itext; not attributed here because it is not an inventory entry and its name claims another C fn. Rejected tool_claims lodepng_add_text @1723 / lodepng_clear_text @1730 and matcher_forced lodepng_clear_icc @1676."
LodePNGIText_cleanup,lodepng.c,2935,(info: LodePNGInfo *) -> void,LodePNGIText_init;LodePNGIText_cleanup,LodePNGIText_init,CLAIMED,yes,Fixed_1_Compile_Failed,LodePNGIText_cleanup,LodePNGUnknownChunks_cleanup,0.158,-0.291,ABSTAIN,CONFLICT,STUB:LodePNGIText_cleanup,"STUB-ONLY. C lodepng.c:2935 string_cleanup x4 per entry, free 4 arrays. Rust src/lodepng.rs:1736 LodePNGIText_cleanup no-op. Rejected tool_claim LodePNGIText_init @1733 and matcher_forced LodePNGUnknownChunks_cleanup @1689."
LodePNGIText_copy,lodepng.c,2949,"(dest: LodePNGInfo *, source: const LodePNGInfo *) -> unsigned int",LodePNGIText_copy,LodePNGIText_copy,CLAIMED,yes,Fixed_5_Compile_Failed,LodePNGIText_copy,lodepng_chunk_next_const,0.076,-0.255,ABSTAIN,CONFLICT,STUB:LodePNGIText_copy,"STUB-ONLY. C lodepng.c:2949 null dest itext fields, loop lodepng_add_itext over source->itext_num. Rust src/lodepng.rs:2475 LodePNGIText_copy returns 0, doc cites exact C signature. Duplicate call-site stub lodepng_i_text_copy @617 (Option<&mut ()> params) is a placeholder for the same C fn; chose the one citing the signature. Rejected matcher_forced lodepng_chunk_next_const @1118."
lodepng_clear_itext,lodepng.c,2963,(info: LodePNGInfo *) -> void,lodepng_clear_itext,lodepng_clear_itext,CLAIMED,yes,Fixed_5_Compile_Failed,lodepng_clear_itext,lodepng_has_palette_alpha,0.149,-0.358,ABSTAIN,CONFLICT,STUB:lodepng_clear_itext,"STUB-ONLY. C lodepng.c:2963 calls LodePNGIText_cleanup. Rust src/lodepng.rs:1741 lodepng_clear_itext: `let _ = info;` no-op, doc cites C signature. Out-of-inventory duplicate @2105 sets three itext pointer fields to None (a fragment of LodePNGIText_init, not of clear_itext's cleanup semantics). Rejected matcher_forced lodepng_has_palette_alpha @1893."
lodepng_add_itext_sized,lodepng.c,2967,"(info: LodePNGInfo *, key: const char *, langtag: const char *, transkey: const char *, str: const char *, size: size_t) -> unsigned int",lodepng_clear_itext;lodepng_add_itext_sized,lodepng_clear_itext,CLAIMED,yes,Fixed_5_Compile_Failed,lodepng_add_itext_sized,lodepng_add_itext_sized,0.19,-0.173,ABSTAIN,CONFLICT,STUB:lodepng_add_itext_sized,"STUB-ONLY. C lodepng.c:2967 realloc 4 arrays (83), ++itext_num, alloc_string x3 + alloc_string_sized. Rust src/lodepng.rs:1748 lodepng_add_itext_sized returns 0, doc cites exact C signature. Rejected tool_claim lodepng_clear_itext @1741."
lodepng_add_itext,lodepng.c,2991,"(info: LodePNGInfo *, key: const char *, langtag: const char *, transkey: const char *, str: const char *) -> unsigned int",lodepng_add_itext,lodepng_add_itext,CLAIMED,yes,Fixed_2_Compile_Failed,lodepng_add_itext,lodepng_add_itext,0.273,-0.091,ABSTAIN,unanimous,STUB:lodepng_add_itext,"STUB-ONLY. C lodepng.c:2991 add_itext_sized(..., strlen(str)). Rust src/lodepng.rs:1764 lodepng_add_itext returns 0, doc cites C signature (duplicate stub @2116, not in inventory)."
lodepng_assign_icc,lodepng.c,2997,"(info: LodePNGInfo *, name: const char *, profile: const unsigned char *, profile_size: unsigned int) -> unsigned int",lodepng_add_itext,lodepng_add_itext,CLAIMED,yes,Fixed_5_Compile_Failed,lodepng_assign_icc,lodepng_zlib_decompressv,0.16,-0.201,ABSTAIN,CONFLICT,STUB:lodepng_assign_icc,"STUB-ONLY. C lodepng.c:2997 profile_size==0 -> 100; alloc_string(name), malloc(profile_size) (83), memcpy, set iccp_profile_size. Rust inventory entry lodepng_assign_icc @620 (dest: Option<&mut ()>, iccp_name, iccp_profile, iccp_profile_size) returns 0 — call-site-derived from lodepng_info_copy; a second stub with the same name and the exact C signature in its doc is @2128 (not in inventory). Both empty; no fn returns 100 (grep: none). Rejected tool_claim lodepng_add_itext @1764 and matcher_forced lodepng_zlib_decompressv @2855."
lodepng_set_icc,lodepng.c,3011,"(info: LodePNGInfo *, name: const char *, profile: const unsigned char *, profile_size: unsigned int) -> unsigned int",lodepng_assign_icc,lodepng_assign_icc,CLAIMED,yes,Fixed_5_Compile_Failed,lodepng_set_icc,lodepng_inflatev,0.231,-0.13,ABSTAIN,CONFLICT,STUB:lodepng_set_icc,"STUB-ONLY. C lodepng.c:3011 clear_icc if name set, iccp_defined=1, assign_icc. Rust src/lodepng.rs:1664 lodepng_set_icc returns 0, doc cites exact C signature. Rejected tool_claim lodepng_assign_icc @620 and matcher_forced lodepng_inflatev @2713."
lodepng_clear_icc,lodepng.c,3018,(info: LodePNGInfo *) -> void,lodepng_set_icc;lodepng_clear_icc,lodepng_set_icc,CLAIMED,yes,Fixed_1_Compile_Failed,lodepng_clear_icc,LodePNGText_cleanup,0.234,-0.215,ABSTAIN,CONFLICT,STUB:lodepng_clear_icc,"STUB-ONLY. C lodepng.c:3018 string_cleanup name, free profile, size=0, defined=0. Rust src/lodepng.rs:1676 lodepng_clear_icc empty body, doc cites C signature. Rejected tool_claim lodepng_set_icc @1664 and matcher_forced LodePNGText_cleanup @2446."
lodepng_info_init,lodepng.c,3027,(info: LodePNGInfo *) -> void,lodepng_info_init,lodepng_info_init,CLAIMED,yes,Fixed_5_Compile_Failed,lodepng_info_init,lodepng_info_init,0.233,-0.216,ABSTAIN,unanimous,STUB:lodepng_info_init,"STUB-ONLY. C lodepng.c:3027 color_mode_init, zero interlace/compression/filter, background, Text_init, IText_init, time/phys/gama/chrm/srgb/iccp/sbit fields, UnknownChunks_init. Rust src/lodepng.rs:2097 lodepng_info_init no-op, doc 'Translated from: void lodepng_info_init(LodePNGInfo* info)'. Note lodepng_info_cleanup @2158's doc quotes a fragment of THIS function's body (chrm_defined=0 ... sbit_a=0, C 3043-3050) but its name/param make it the cleanup placeholder; body is empty either way."
lodepng_info_cleanup,lodepng.c,3056,(info: LodePNGInfo *) -> void,lodepng_info_cleanup,lodepng_info_cleanup,CLAIMED,yes,Fixed_5_Compile_Failed,lodepng_info_cleanup,rgba8ToPixel,0.195,-0.2,ABSTAIN,CONFLICT,STUB:lodepng_info_cleanup,"STUB-ONLY. C lodepng.c:3056 color_mode_cleanup, Text_cleanup, IText_cleanup, clear_icc, UnknownChunks_cleanup. Rust src/lodepng.rs:2158 lodepng_info_cleanup: `if let Some(_info) = info {}` no-op; its doc comment quotes an lodepng_info_init snippet (chrm/srgb/iccp/sbit = 0), so the placeholder is name-matched only. Rejected matcher_forced rgba8ToPixel @1547."
lodepng_info_copy,lodepng.c,3068,"(dest: LodePNGInfo *, source: const LodePNGInfo *) -> unsigned int",lodepng_info_cleanup;lodepng_info_copy,lodepng_info_cleanup,CLAIMED,yes,Fixed_5_Compile_Failed,lodepng_info_copy,readChunk_sRGB,0.228,-0.113,ABSTAIN,CONFLICT,STUB:lodepng_info_copy,"STUB-ONLY. C lodepng.c:3068 cleanup, memcpy, color_mode_init+copy, Text_copy, IText_copy, assign_icc if iccp_defined, UnknownChunks_init+copy. Rust src/lodepng.rs:2671 lodepng_info_copy returns 0 (`let _ = (dest, source)`). The call-site stubs lodepng_text_copy/lodepng_i_text_copy/lodepng_assign_icc/lodepng_unknown_chunks_init/lodepng_unknown_chunks_copy @614-632 were generated from this C body's callees, not from this fn itself. Rejected tool_claim lodepng_info_cleanup @2158 and matcher_forced readChunk_sRGB @1860."
addColorBits,lodepng.c,3090,"(out: unsigned char *, index: size_t, bits: unsigned int, in: unsigned int) -> void",lodepng_text_copy;lodepng_i_text_copy;lodepng_assign_icc;lodepng_unknown_chunks_init;lodepng_unknown_chunks_copy,lodepng_text_copy,CLAIMED,yes,Fixed_1_Compile_Failed,,lodepng_encode24_file,0.131,-0.261,ABSTAIN,CONFLICT,STUB:translated_bit_manipulation,"STUB-ONLY (not a candidate from any source). C lodepng.c:3090: m = bits==1?7:bits==2?3:1; p=index&m; in &= (1<<bits)-1; in <<= bits*(m-p); out[index*bits/8] = or |= in. Rust src/lodepng.rs:688 translated_bit_manipulation(bits,index,input)->u32 returns 0, but its doc quotes this exact C body verbatim ('Stubbed translation of: unsigned m = bits == 1 ? 7 : bits == 2 ? 3 : 1; unsigned p = index & m; in &= (1u << bits) - 1u; in = in << (bits * (m - p))') — it is the translator's placeholder for addColorBits (the `out` param was dropped). No other fn contains this bit-group logic. Rejected all five tool_claims (lodepng_text_copy @614, lodepng_i_text_copy @617, lodepng_assign_icc @620, lodepng_unknown_chunks_init @628, lodepng_unknown_chunks_copy @630 — those are call-site stubs from lodepng_info_copy) and matcher_forced lodepng_encode24_file @1243."
color_tree_init,lodepng.c,3113,(tree: ColorTree *) -> void,ColorTree;color_tree_init,color_tree_init,CLAIMED,yes,Fixed_5_Compile_Failed,color_tree_init,translated_function,0.121,-0.145,ABSTAIN,CONFLICT,STUB:color_tree_init,"STUB-ONLY. C lodepng.c:3113 memset children, index=-1. Rust src/lodepng.rs:1055 color_tree_init no-op (duplicate no-op @1062 after the ColorTree struct with children[16]/index, not in inventory). Rejected tool_claim ColorTree (a struct, not a fn) and matcher_forced translated_function @474 (real translation of the fseek/ftell filesize helper, unrelated)."
color_tree_cleanup,lodepng.c,3118,(tree: ColorTree *) -> void,ColorTree;color_tree_init,color_tree_init,CLAIMED,yes,Fixed_5_Compile_Failed,color_tree_cleanup,wctomb,0.1,-0.262,ABSTAIN,CONFLICT,STUB:color_tree_cleanup,"STUB-ONLY. C lodepng.c:3118 recursive cleanup+free of 16 children. Rust src/lodepng.rs:1065 color_tree_cleanup no-op, doc 'Stubbed translation of: static void color_tree_cleanup(ColorTree* tree)'. Rejected tool_claims ColorTree (struct) / color_tree_init @1055 and matcher_forced wctomb @2306 (libc stub)."
color_tree_get,lodepng.c,3129,"(tree: ColorTree *, r: unsigned char, g: unsigned char, b: unsigned char, a: unsigned char) -> int",color_tree_cleanup,color_tree_cleanup,CLAIMED,yes,Fixed_5_Compile_Failed,color_tree_get,boundary_pm,0.113,-0.217,ABSTAIN,CONFLICT,STUB:color_tree_get,"STUB-ONLY. C lodepng.c:3129 8-bit descent i=8r+4g+2b+a bits, -1 if missing else index. Rust src/lodepng.rs:1539 color_tree_get returns 0 ('Default return value for stub'). Rejected tool_claim color_tree_cleanup @1065 and matcher_forced boundary_pm @2051."
color_tree_has,lodepng.c,3140,"(tree: ColorTree *, r: unsigned char, g: unsigned char, b: unsigned char, a: unsigned char) -> int",color_tree_get,color_tree_get,CLAIMED,yes,Fixed_5_Compile_Failed,color_tree_has,color_tree_has,0.164,-0.341,ABSTAIN,CONFLICT,STUB:color_tree_has,"STUB-ONLY. C lodepng.c:3140 color_tree_get(...)>=0. Rust src/lodepng.rs:1516 color_tree_has returns 0, doc cites exact C signature. Rejected tool_claim color_tree_get @1539."
color_tree_add,lodepng.c,3148,"(tree: ColorTree *, r: unsigned char, g: unsigned char, b: unsigned char, a: unsigned char, index: unsigned int) -> unsigned int",color_tree_has;color_tree_add,color_tree_has,CLAIMED,yes,Fixed_5_Compile_Failed,color_tree_add,color_tree_add,0.17,-0.271,ABSTAIN,CONFLICT,STUB:color_tree_add,"STUB-ONLY. C lodepng.c:3148 8-bit descent allocating children (83), set index. Rust src/lodepng.rs:1529 color_tree_add returns 0, doc cites exact C signature. Rejected tool_claim color_tree_has @1516."
rgba8ToPixel,lodepng.c,3165,"(out: unsigned char *, i: size_t, mode: const LodePNGColorMode *, tree: ColorTree *, r: unsigned char, g: unsigned char, b: unsigned char, a: unsigned char) -> unsigned int",rgba8ToPixel,rgba8ToPixel,CLAIMED,yes,Fixed_5_Compile_Failed,rgba8ToPixel,search_code_index,0.099,-0.244,ABSTAIN,CONFLICT,STUB:rgba8ToPixel,"STUB-ONLY. C lodepng.c:3165 per-colortype writes incl. addColorBits for sub-8-bit, palette lookup err 82. Rust src/lodepng.rs:1547 rgba8ToPixel returns 0, doc cites exact C signature. No fn returns 82 (grep: none). Rejected matcher_forced search_code_index @470 (unimplemented!() stub)."
rgba16ToPixel,lodepng.c,3219,"(out: unsigned char *, i: size_t, mode: const LodePNGColorMode *, r: unsigned short, g: unsigned short, b: unsigned short, a: unsigned short) -> void",rgba16ToPixel,rgba16ToPixel,CLAIMED,yes,Fixed_1_Compile_Failed,rgba16ToPixel,rgba16ToPixel,0.08,-0.251,ABSTAIN,unanimous,STUB:rgba16ToPixel,"STUB-ONLY. C lodepng.c:3219 big-endian 16-bit writes per colortype. Rust src/lodepng.rs:1336 rgba16ToPixel no-op, doc cites exact C signature."
getPixelColorRGBA8,lodepng.c,3252,"(r: unsigned char *, g: unsigned char *, b: unsigned char *, a: unsigned char *, in: const unsigned char *, i: size_t, mode: const LodePNGColorMode *) -> void",getPixelColorRGBA8,getPixelColorRGBA8,CLAIMED,yes,Fixed_1_Compile_Failed,getPixelColorRGBA8,preProcessScanlines,0.139,-0.213,ABSTAIN,CONFLICT,STUB:getPixelColorRGBA8,"STUB-ONLY. C lodepng.c:3252 per-colortype reads with key_defined transparency and readBitsFromReversedStream. Rust src/lodepng.rs:1352 getPixelColorRGBA8 no-op, doc cites exact C signature. No fn references key_defined/palette (grep: none). Rejected matcher_forced preProcessScanlines @3245."
getPixelColorsRGBA8,lodepng.c,3326,"(buffer: unsigned char *restrict, numpixels: size_t, in: const unsigned char *restrict, mode: const LodePNGColorMode *) -> void",getPixelColorsRGBA8,getPixelColorsRGBA8,CLAIMED,yes,Fixed_5_Compile_Failed,getPixelColorsRGBA8,update_hash_chain,0.091,-0.246,ABSTAIN,CONFLICT,STUB:getPixelColorsRGBA8,"STUB-ONLY. C lodepng.c:3326 bulk 4-channel conversion loops. Rust src/lodepng.rs:1372 getPixelColorsRGBA8 no-op, doc cites exact C signature (with __restrict). Rejected matcher_forced update_hash_chain @1632."
getPixelColorsRGB8,lodepng.c,3422,"(buffer: unsigned char *restrict, numpixels: size_t, in: const unsigned char *restrict, mode: const LodePNGColorMode *) -> void",getPixelColorsRGB8,getPixelColorsRGB8,CLAIMED,yes,Fixed_5_Compile_Failed,getPixelColorsRGB8,huffman_tree_make_from_lengths,0.141,-0.238,ABSTAIN,CONFLICT,STUB:getPixelColorsRGB8,"STUB-ONLY. C lodepng.c:3422 bulk 3-channel conversion loops. Rust src/lodepng.rs:1388 getPixelColorsRGB8 no-op, doc cites exact C signature. Rejected matcher_forced huffman_tree_make_from_lengths @706."
getPixelColorRGBA16,lodepng.c,3496,"(r: unsigned short *, g: unsigned short *, b: unsigned short *, a: unsigned short *, in: const unsigned char *, i: size_t, mode: const LodePNGColorMode *) -> void",getPixelColorRGBA16,getPixelColorRGBA16,CLAIMED,yes,Fixed_2_Compile_Failed,getPixelColorRGBA16,addChunk_iTXt,0.136,-0.214,ABSTAIN,CONFLICT,STUB:getPixelColorRGBA16,"STUB-ONLY. C lodepng.c:3496 256*in[..]+in[..] reads, 65535 alpha. Rust src/lodepng.rs:1400 getPixelColorRGBA16 no-op, doc cites exact C signature. No 65535 literal anywhere in crate. Rejected matcher_forced addChunk_iTXt @3150."
lodepng_convert,lodepng.c,3522,"(out: unsigned char *, in: const unsigned char *, mode_out: const LodePNGColorMode *, mode_in: const LodePNGColorMode *, w: unsigned int, h: unsigned int) -> unsigned int",lodepng_convert,lodepng_convert,CLAIMED,yes,Fixed_5_Compile_Failed,lodepng_convert,lodepng_convert,0.135,-0.273,ABSTAIN,unanimous,STUB:lodepng_convert,"STUB (Rust body is empty/returns default; correspondence by name+signature+doc-comment only, no body evidence exists in the crate). C 3522-3592 (codes 107, memcpy fast path, palette->palette check). Rust src/lodepng.rs:2551 stub (doc names C fn) and a second same-name stub in src/common/lodepng_mod.rs:122. matcher_forced/tool_claim/same_name agree."
lodepng_convert_rgb,lodepng.c,3603,"(r_out: unsigned int *, g_out: unsigned int *, b_out: unsigned int *, r_in: unsigned int, g_in: unsigned int, b_in: unsigned int, mode_out: const LodePNGColorMode *, mode_in: const LodePNGColorMode *) -> unsigned int",lodepng_convert_rgb,lodepng_convert_rgb,CLAIMED,yes,Fixed_5_Compile_Failed,lodepng_convert_rgb,lodepng_convert_rgb,0.099,-0.335,ABSTAIN,unanimous,STUB:lodepng_convert_rgb,"STUB (Rust body is empty/returns default; correspondence by name+signature+doc-comment only, no body evidence exists in the crate). C 3595-3640 (codes 31/82). Rust src/lodepng.rs:1419 stub, doc names C fn."
lodepng_color_stats_init,lodepng.c,3655,(stats: LodePNGColorStats *) -> void,lodepng_color_stats_init,lodepng_color_stats_init,CLAIMED,yes,Fixed_5_Compile_Failed,lodepng_color_stats_init,lodepng_decompress_settings_init,0.222,-0.223,ABSTAIN,CONFLICT,STUB:lodepng_color_stats_init,"STUB (Rust body is empty/returns default; correspondence by name+signature+doc-comment only, no body evidence exists in the crate). C 3645-3657 (zeroes stats, allow_palette=1). Rust src/lodepng.rs:911 stub, name+signature (Option<&mut LodePNGColorStats>). matcher_forced=lodepng_decompress_settings_init rejected: different name, takes LodePNGDecoderSettings, is the placeholder for C lodepng_decompress_settings_init."
getValueRequiredBits,lodepng.c,3682,(value: unsigned char) -> unsigned int,,,EMPTY,,Fixed_2_Compile_Failed,getValueRequiredBits,getValueRequiredBits,0.305,-0.325,ABSTAIN,single-source,STUB:getValueRequiredBits,"STUB (Rust body is empty/returns default; correspondence by name+signature+doc-comment only, no body evidence exists in the crate). C 3667-3673 (255/85/17 divisibility test). Rust src/lodepng.rs:2165 stub, doc names C fn."
lodepng_compute_color_stats,lodepng.c,3690,"(stats: LodePNGColorStats *, in: const unsigned char *, w: unsigned int, h: unsigned int, mode_in: const LodePNGColorMode *) -> unsigned int",getValueRequiredBits;lodepng_compute_color_stats,getValueRequiredBits,CLAIMED,yes,Fixed_5_Compile_Failed,lodepng_compute_color_stats,lodepng_compute_color_stats,0.16,-0.212,ABSTAIN,CONFLICT,STUB:lodepng_compute_color_stats,"STUB (Rust body is empty/returns default; correspondence by name+signature+doc-comment only, no body evidence exists in the crate). C 3679-3868 (long stats loop, code 83). Rust src/lodepng.rs:2172 stub (doc names C fn) and second same-name stub src/common/lodepng_mod.rs:141. tool_claim=getValueRequiredBits rejected: that is the placeholder for the adjacent C fn getValueRequiredBits (tool span off-by-one)."
lodepng_color_stats_add,lodepng.c,3877,"(stats: LodePNGColorStats *, r: unsigned int, g: unsigned int, b: unsigned int, a: unsigned int) -> unsigned int",lodepng_color_stats_add,lodepng_color_stats_add,CLAIMED,yes,Fixed_5_Compile_Failed,lodepng_color_stats_add,lodepng_color_stats_add,0.194,-0.176,ABSTAIN,unanimous,STUB:lodepng_color_stats_add,"STUB (Rust body is empty/returns default; correspondence by name+signature+doc-comment only, no body evidence exists in the crate). C 3872-3884. Rust src/lodepng.rs:2534 stub, doc names C fn."
auto_choose_color,lodepng.c,3900,"(mode_out: LodePNGColorMode *, mode_in: const LodePNGColorMode *, stats: const LodePNGColorStats *) -> unsigned int",auto_choose_color,auto_choose_color,CLAIMED,yes,Fixed_2_Compile_Failed,auto_choose_color,readChunk_gAMA,0.176,-0.189,ABSTAIN,CONFLICT,STUB:auto_choose_color,"STUB (Rust body is empty/returns default; correspondence by name+signature+doc-comment only, no body evidence exists in the crate). C 3893-3968 (palette_ok/gray_ok heuristics). Rust src/lodepng.rs:2490 stub, doc names C fn (mode_in oddly typed LodePNGState). matcher_forced=readChunk_gAMA rejected: unrelated stub for C readChunk_gAMA."
paethPredictor,lodepng.c,3972,"(a: short, b: short, c: short) -> unsigned char",,,EMPTY,,Fixed_1_Compile_Failed,paethPredictor,paethPredictor,0.087,-0.309,ABSTAIN,single-source,STUB:paethPredictor,"STUB (Rust body is empty/returns default; correspondence by name+signature+doc-comment only, no body evidence exists in the crate). C 3975-3987. Rust src/lodepng.rs:831 stub, signature (a,b,c: i16)->u8 matches C short args."
Adam7_getpassvalues,lodepng.c,4003,"(passw: unsigned int[7], passh: unsigned int[7], filter_passstart: size_t[8], padded_passstart: size_t[8], passstart: size_t[8], w: unsigned int, h: unsigned int, bpp: unsigned int) -> void",paethPredictor;Adam7_getpassvalues,paethPredictor,CLAIMED,yes,Fixed_5_Compile_Failed,Adam7_getpassvalues,Adam7_getpassvalues,0.215,-0.154,ABSTAIN,CONFLICT,STUB:Adam7_getpassvalues,"STUB (Rust body is empty/returns default; correspondence by name+signature+doc-comment only, no body evidence exists in the crate). C 4008-4031. Rust src/lodepng.rs:834 stub, signature with [u32;7]/[u64;8] arrays matches C passw/passh/filter_passstart/padded_passstart/passstart. tool_claim=paethPredictor rejected: placeholder for adjacent C paethPredictor (off-by-one)."
lodepng_inspect,lodepng.c,4035,"(w: unsigned int *, h: unsigned int *, state: LodePNGState *, in: const unsigned char *, insize: size_t) -> unsigned int",lodepng_inspect,lodepng_inspect,CLAIMED,yes,Fixed_5_Compile_Failed,lodepng_inspect,lodepng_inspect,0.147,-0.185,ABSTAIN,unanimous,STUB:lodepng_inspect,"STUB (Rust body is empty/returns default; correspondence by name+signature+doc-comment only, no body evidence exists in the crate). C 4041-4102 (codes 27/28/29/32/33/34/48/57/93/94, 'IHDR'). Rust src/lodepng.rs:2521 stub, doc names C fn. No 'IHDR' literal anywhere in crate code."
unfilterScanline,lodepng.c,4099,"(recon: unsigned char *, scanline: const unsigned char *, precon: const unsigned char *, bytewidth: size_t, filterType: unsigned char, length: size_t) -> unsigned int",unfilterScanline,unfilterScanline,CLAIMED,yes,Fixed_5_Compile_Failed,unfilterScanline,unfilterScanline,0.181,-0.231,ABSTAIN,unanimous,STUB:unfilterScanline,"STUB (Rust body is empty/returns default; correspondence by name+signature+doc-comment only, no body evidence exists in the crate). C 4106-4204 (recon[i] = scanline[i] + ..., default returns 36). Rust src/lodepng.rs:720 stub, signature matches. translated_segment@src/lodepng.rs:428 is NOT this: it subtracts (scanline[i]-scanline[i-bytewidth]) with 'i < length' loop and 'default: return;' comment, i.e. filterScanline case 1, not the unfilter (which adds and returns 36 on default)."
unfilter,lodepng.c,4229,"(out: unsigned char *, in: const unsigned char *, w: unsigned int, h: unsigned int, bpp: unsigned int) -> unsigned int",unfilter,unfilter,CLAIMED,yes,Fixed_5_Compile_Failed,unfilter,unfilter,0.193,-0.23,ABSTAIN,unanimous,STUB:unfilter,"STUB (Rust body is empty/returns default; correspondence by name+signature+doc-comment only, no body evidence exists in the crate). C 4206-4222. Rust src/lodepng.rs:1100 stub."
Adam7_deinterlace,lodepng.c,4270,"(out: unsigned char *, in: const unsigned char *, w: unsigned int, h: unsigned int, bpp: unsigned int) -> void",Adam7_deinterlace,Adam7_deinterlace,CLAIMED,yes,Fixed_2_Compile_Failed,Adam7_deinterlace,Adam7_interlace,0.183,-0.255,ABSTAIN,CONFLICT,STUB:Adam7_deinterlace,"STUB (Rust body is empty/returns default; correspondence by name+signature+doc-comment only, no body evidence exists in the crate). C 4230-4276. Rust src/lodepng.rs:1160 stub, doc names C fn. matcher_forced=Adam7_interlace rejected: that is the stub for C Adam7_interlace (doc says so, src/lodepng.rs:1171)."
removePaddingBits,lodepng.c,4310,"(out: unsigned char *, in: const unsigned char *, olinebits: size_t, ilinebits: size_t, h: unsigned int) -> void",remove_padding_bits,remove_padding_bits,CLAIMED,yes,Fixed_5_Compile_Failed,,addPaddingBits,0.193,-0.21,ABSTAIN,CONFLICT,STUB:remove_padding_bits,"STUB (Rust body is empty/returns default; correspondence by name+signature+doc-comment only, no body evidence exists in the crate). C 4278-4297. Rust src/lodepng.rs:778 stub, doc names C removePaddingBits. matcher_forced=addPaddingBits rejected: stub for C addPaddingBits (src/lodepng.rs:790)."
postProcessScanlines,lodepng.c,4337,"(out: unsigned char *, in: unsigned char *, w: unsigned int, h: unsigned int, info_png: const LodePNGInfo *) -> unsigned int",post_process_scanlines,post_process_scanlines,CLAIMED,yes,Fixed_5_Compile_Failed,,remove_padding_bits,0.139,-0.247,ABSTAIN,CONFLICT,STUB:post_process_scanlines,"STUB (Rust body is empty/returns default; correspondence by name+signature+doc-comment only, no body evidence exists in the crate). C 4301-4337 (code 31). Rust src/lodepng.rs:2214 stub, doc names C fn. matcher_forced=remove_padding_bits rejected: stub for C removePaddingBits."
readChunk_PLTE,lodepng.c,4380,"(color: LodePNGColorMode *, data: const unsigned char *, chunkLength: size_t) -> unsigned int",readChunk_PLTE,readChunk_PLTE,CLAIMED,yes,Fixed_4_Compile_Failed,readChunk_PLTE,lodepng_add_text,0.137,-0.216,ABSTAIN,CONFLICT,STUB:readChunk_PLTE,"STUB (Rust body is empty/returns default; correspondence by name+signature+doc-comment only, no body evidence exists in the crate). C 4339-4354 (codes 38/83). Rust src/lodepng.rs:1923 stub, doc names C fn. matcher_forced=lodepng_add_text rejected: unrelated stub for C lodepng_add_text."
readChunk_tRNS,lodepng.c,4400,"(color: LodePNGColorMode *, data: const unsigned char *, chunkLength: size_t) -> unsigned int",readChunk_tRNS,readChunk_tRNS,CLAIMED,yes,Fixed_4_Compile_Failed,readChunk_tRNS,lodepng_buffer_file,0.238,-0.068,ABSTAIN,CONFLICT,STUB:readChunk_tRNS,"STUB (Rust body is empty/returns default; correspondence by name+signature+doc-comment only, no body evidence exists in the crate). C 4356-4385 (codes 30/39/41/42). Rust src/lodepng.rs:1437 stub, doc names C fn. matcher_forced=lodepng_buffer_file rejected: unrelated (file-IO stub)."
readChunk_bKGD,lodepng.c,4430,"(info: LodePNGInfo *, data: const unsigned char *, chunkLength: size_t) -> unsigned int",readChunk_bKGD,readChunk_bKGD,CLAIMED,yes,Fixed_5_Compile_Failed,readChunk_bKGD,mbstowcs,0.143,-0.244,ABSTAIN,CONFLICT,STUB:readChunk_bKGD,"STUB (Rust body is empty/returns default; correspondence by name+signature+doc-comment only, no body evidence exists in the crate). C 4390-4418 (codes 43/44/45/103). Rust src/lodepng.rs:1781 stub, doc names C fn. matcher_forced=mbstowcs rejected: libc wrapper, unrelated."
readChunk_tEXt,lodepng.c,4462,"(info: LodePNGInfo *, data: const unsigned char *, chunkLength: size_t) -> unsigned int",readChunk_tEXt,readChunk_tEXt,CLAIMED,yes,Fixed_3_Compile_Failed,readChunk_tEXt,read_bits_from_reversed_stream,0.09,-0.272,ABSTAIN,CONFLICT,STUB:readChunk_tEXt,"STUB (Rust body is empty/returns default; correspondence by name+signature+doc-comment only, no body evidence exists in the crate). C 4421-4457 (codes 83/89). Rust src/lodepng.rs:2456 stub, doc names C fn. matcher_forced=read_bits_from_reversed_stream rejected: bit-reader stub, unrelated."
readChunk_zTXt,lodepng.c,4502,"(info: LodePNGInfo *, decoder: const LodePNGDecoderSettings *, data: const unsigned char *, chunkLength: size_t) -> unsigned int",read_chunk_ztxt,read_chunk_ztxt,CLAIMED,yes,Fixed_3_Compile_Failed,,lodepng_deflatev,0.147,-0.205,ABSTAIN,CONFLICT,STUB:read_chunk_ztxt,"STUB (Rust body is empty/returns default; correspondence by name+signature+doc-comment only, no body evidence exists in the crate). C 4460-4508 (codes 72/75/83/89). Rust src/lodepng.rs:2997 stub, doc names C readChunk_zTXt; call-site 'use' imports it as readChunk_zTXt. matcher_forced=lodepng_deflatev rejected: deflate stub, unrelated."
readChunk_iTXt,lodepng.c,4549,"(info: LodePNGInfo *, decoder: const LodePNGDecoderSettings *, data: const unsigned char *, chunkLength: size_t) -> unsigned int",readChunk_iTXt,readChunk_iTXt,CLAIMED,yes,Fixed_5_Compile_Failed,readChunk_iTXt,getPixelColorsRGBA8,0.104,-0.225,ABSTAIN,CONFLICT,STUB:readChunk_iTXt,"STUB (Rust body is empty/returns default; correspondence by name+signature+doc-comment only, no body evidence exists in the crate). C 4511-4590 (codes 30/72/75/83/89). Rust src/lodepng.rs:3015 stub, doc names C fn. matcher_forced=getPixelColorsRGBA8 rejected: unrelated."
readChunk_tIME,lodepng.c,4635,"(info: LodePNGInfo *, data: const unsigned char *, chunkLength: size_t) -> unsigned int",readChunk_tIME,readChunk_tIME,CLAIMED,yes,Fixed_5_Compile_Failed,readChunk_tIME,peek_bits,0.153,-0.23,ABSTAIN,CONFLICT,STUB:readChunk_tIME,"STUB (Rust body is empty/returns default; correspondence by name+signature+doc-comment only, no body evidence exists in the crate). C 4592-4604 (code 73). Rust src/lodepng.rs:1793 stub with 3 params (info, data, chunkLength) and doc naming C fn; call sites import readChunk_tIME. Also read_chunk_time@src/lodepng.rs:1805 is a 2-param fragment stub ('snippet that manipulates info->time') of the same C fn -- duplicate placeholder, rejected as not the named translation. matcher_forced=peek_bits rejected: unrelated."
readChunk_pHYs,lodepng.c,4649,"(info: LodePNGInfo *, data: const unsigned char *, chunkLength: size_t) -> unsigned int",read_chunk_time,read_chunk_time,CLAIMED,yes,Fixed_5_Compile_Failed,readChunk_pHYs,inflateNoCompression,0.159,-0.192,ABSTAIN,CONFLICT,STUB:readChunk_pHYs,"STUB (Rust body is empty/returns default; correspondence by name+signature+doc-comment only, no body evidence exists in the crate). C 4606-4614 (code 74). Rust src/lodepng.rs:1817 stub, doc names C fn. tool_claim=read_chunk_time rejected: tIME fragment stub (tool span off-by-one). matcher_forced=inflateNoCompression rejected: unrelated."
readChunk_gAMA,lodepng.c,4660,"(info: LodePNGInfo *, data: const unsigned char *, chunkLength: size_t) -> unsigned int",readChunk_pHYs,readChunk_pHYs,CLAIMED,yes,Fixed_5_Compile_Failed,readChunk_gAMA,inflate_no_compression,0.164,-0.202,ABSTAIN,CONFLICT,STUB:readChunk_gAMA,"STUB (Rust body is empty/returns default; correspondence by name+signature+doc-comment only, no body evidence exists in the crate). C 4616-4622 (code 96). Rust src/lodepng.rs:1831 stub, doc names C fn. tool_claim=readChunk_pHYs rejected: placeholder for adjacent C readChunk_pHYs (off-by-one)."
readChunk_cHRM,lodepng.c,4669,"(info: LodePNGInfo *, data: const unsigned char *, chunkLength: size_t) -> unsigned int",readChunk_gAMA;readChunk_cHRM,readChunk_gAMA,CLAIMED,yes,Fixed_5_Compile_Failed,readChunk_cHRM,wcstombs,0.147,-0.241,ABSTAIN,CONFLICT,STUB:readChunk_cHRM,"STUB (Rust body is empty/returns default; correspondence by name+signature+doc-comment only, no body evidence exists in the crate). C 4624-4637 (code 97). Rust src/lodepng.rs:1844 stub, doc names C fn. tool_claim=readChunk_gAMA rejected: off-by-one placeholder."
readChunk_sRGB,lodepng.c,4685,"(info: LodePNGInfo *, data: const unsigned char *, chunkLength: size_t) -> unsigned int",readChunk_sRGB,readChunk_sRGB,CLAIMED,yes,Fixed_5_Compile_Failed,readChunk_sRGB,lodepng_inflate_block_logic,0.165,-0.2,ABSTAIN,CONFLICT,STUB:read_chunk_srgb,"STUB (Rust body is empty/returns default; correspondence by name+signature+doc-comment only, no body evidence exists in the crate). C 4639-4645 (code 98). Rust src/lodepng.rs:3026 stub with the correct 3-param signature ->u32 and doc naming C fn; call sites import 'read_chunk_srgb as readChunk_sRGB'. same_name candidate readChunk_sRGB@src/lodepng.rs:1860 rejected: 2-param, returns (), doc admits 'exact C function name isn't given' -- a fragment placeholder, not the named translation. matcher_forced=lodepng_inflate_block_logic rejected: unrelated."
readChunk_iCCP,lodepng.c,4694,"(info: LodePNGInfo *, decoder: const LodePNGDecoderSettings *, data: const unsigned char *, chunkLength: size_t) -> unsigned int",read_chunk_srgb;read_chunk_iccp,read_chunk_srgb,CLAIMED,yes,Fixed_5_Compile_Failed,,addChunk_IDAT,0.189,-0.163,ABSTAIN,CONFLICT,STUB:read_chunk_iccp,"STUB (Rust body is empty/returns default; correspondence by name+signature+doc-comment only, no body evidence exists in the crate). C 4647-4691 (codes 72/75/83/89). Rust src/lodepng.rs:3043 stub, doc names C fn. tool_claim also lists read_chunk_srgb: rejected (sRGB placeholder). matcher_forced=addChunk_IDAT rejected: unrelated."
readChunk_sBIT,lodepng.c,4735,"(info: LodePNGInfo *, data: const unsigned char *, chunkLength: size_t) -> unsigned int",read_chunk_sbit,read_chunk_sbit,CLAIMED,yes,Fixed_5_Compile_Failed,,readChunk_bKGD,0.19,-0.163,ABSTAIN,CONFLICT,STUB:read_chunk_sbit,"STUB (Rust body is empty/returns default; correspondence by name+signature+doc-comment only, no body evidence exists in the crate). C 4695-4735 (codes 114/115). Rust src/lodepng.rs:1865 stub, doc names C fn. matcher_forced=readChunk_bKGD rejected: bKGD placeholder."
lodepng_inspect_chunk,lodepng.c,4776,"(state: LodePNGState *, pos: size_t, in: const unsigned char *, insize: size_t) -> unsigned int",lodepng_inspect_chunk,lodepng_inspect_chunk,CLAIMED,yes,Fixed_4_Compile_Failed,lodepng_inspect_chunk,lodepng_load_file,0.251,-0.034,ABSTAIN,CONFLICT,STUB:lodepng_inspect_chunk,"STUB (Rust body is empty/returns default; correspondence by name+signature+doc-comment only, no body evidence exists in the crate). C 4738-4795 (codes 30/57/63, chunk-name dispatch). Rust src/lodepng.rs:3073 stub, doc names C fn. matcher_forced=lodepng_load_file rejected: that is a REAL fn (file loader, codes 78/83) translating C lodepng_load_file."
decodeGeneric,lodepng.c,4831,"(out: unsigned char **, w: unsigned int *, h: unsigned int *, state: LodePNGState *, in: const unsigned char *, insize: size_t) -> void",decodeGeneric,decodeGeneric,CLAIMED,yes,Fixed_5_Compile_Failed,decodeGeneric,lodepng_encode,0.159,-0.215,ABSTAIN,CONFLICT,STUB:decodeGeneric,"STUB (Rust body is empty/returns default; correspondence by name+signature+doc-comment only, no body evidence exists in the crate). C 4799-4993 (codes 30/57/63/64/69/95). Rust src/lodepng.rs:3099 stub, doc names C fn. matcher_forced=lodepng_encode rejected: encoder placeholder."
lodepng_decode,lodepng.c,5029,"(out: unsigned char **, w: unsigned int *, h: unsigned int *, state: LodePNGState *, in: const unsigned char *, insize: size_t) -> unsigned int",lodepng_decode,lodepng_decode,CLAIMED,yes,Fixed_2_Compile_Failed,lodepng_decode,lodepng_decode,0.166,-0.208,ABSTAIN,unanimous,STUB:lodepng_decode,"STUB (Rust body is empty/returns default; correspondence by name+signature+doc-comment only, no body evidence exists in the crate). C 4996-5040 (code 56). Rust src/lodepng.rs:3221 stub (doc names C fn); duplicate same-name stub at src/lodepng.rs:3336."
lodepng_decode_memory,lodepng.c,5066,"(out: unsigned char **, w: unsigned int *, h: unsigned int *, in: const unsigned char *, insize: size_t, colortype: LodePNGColorType, bitdepth: unsigned int) -> unsigned int",lodepng_decode_memory,lodepng_decode_memory,CLAIMED,yes,Fixed_3_Compile_Failed,lodepng_decode_memory,lodepng_decode_memory,0.262,-0.131,ABSTAIN,unanimous,STUB:lodepng_decode_memory,"STUB (Rust body is empty/returns default; correspondence by name+signature+doc-comment only, no body evidence exists in the crate). C 5042-5054. Rust src/lodepng.rs:3267 stub; duplicate at src/lodepng.rs:3477."
lodepng_decode32,lodepng.c,5083,"(out: unsigned char **, w: unsigned int *, h: unsigned int *, in: const unsigned char *, insize: size_t) -> unsigned int",lodepng_decode32,lodepng_decode32,CLAIMED,yes,Fixed_5_Compile_Failed,lodepng_decode32,lodepng_decode24,0.267,-0.194,ABSTAIN,CONFLICT,STUB:lodepng_decode32,"STUB (Rust body is empty/returns default; correspondence by name+signature+doc-comment only, no body evidence exists in the crate). C 5056-5058. Rust src/lodepng.rs:3321 stub; duplicate at src/lodepng.rs:3353. matcher_forced=lodepng_decode24 rejected: decode24 placeholder."
lodepng_decode24,lodepng.c,5087,"(out: unsigned char **, w: unsigned int *, h: unsigned int *, in: const unsigned char *, insize: size_t) -> unsigned int",lodepng_decode;lodepng_state_cleanup,lodepng_decode,CLAIMED,yes,Fixed_5_Compile_Failed,lodepng_decode24,lodepng_decode32,0.267,-0.194,ABSTAIN,CONFLICT,STUB:lodepng_decode24,"STUB (Rust body is empty/returns default; correspondence by name+signature+doc-comment only, no body evidence exists in the crate). C 5060-5062. Rust src/lodepng.rs:3366 stub, doc names C fn. tool_claim lodepng_decode/lodepng_state_cleanup rejected: placeholders for other C fns (tool span mismatch). matcher_forced=lodepng_decode32 rejected."
lodepng_decode_file,lodepng.c,5092,"(out: unsigned char **, w: unsigned int *, h: unsigned int *, filename: const char *, colortype: LodePNGColorType, bitdepth: unsigned int) -> unsigned int",lodepng_decode32;lodepng_decode24;lodepng_decode_file,lodepng_decode32,CLAIMED,yes,Fixed_5_Compile_Failed,lodepng_decode_file,lodepng_decode_file,0.188,-0.198,ABSTAIN,CONFLICT,STUB:lodepng_decode_file,"STUB (Rust body is empty/returns default; correspondence by name+signature+doc-comment only, no body evidence exists in the crate). C 5065-5076 (load_file then decode_memory). Rust src/lodepng.rs:3385 stub, doc names C fn. tool_claim decode32/decode24 rejected: placeholders for other C fns."
lodepng_decode32_file,lodepng.c,5106,"(out: unsigned char **, w: unsigned int *, h: unsigned int *, filename: const char *) -> unsigned int",lodepng_decode32_file,lodepng_decode32_file,CLAIMED,yes,Fixed_3_Compile_Failed,lodepng_decode32_file,lodepng_decode24_file,0.198,-0.189,ABSTAIN,CONFLICT,STUB:lodepng_decode32_file,"STUB (Rust body is empty/returns default; correspondence by name+signature+doc-comment only, no body evidence exists in the crate). C 5078-5080. Rust src/lodepng.rs:1209 stub; duplicate at src/lodepng.rs:3430. matcher_forced=lodepng_decode24_file rejected."
lodepng_decode24_file,lodepng.c,5110,"(out: unsigned char **, w: unsigned int *, h: unsigned int *, filename: const char *) -> unsigned int",lodepng_load_file;lodepng_decode_memory,lodepng_load_file,CLAIMED,yes,Fixed_5_Compile_Failed,lodepng_decode24_file,lodepng_decode32_file,0.198,-0.189,ABSTAIN,CONFLICT,STUB:lodepng_decode24_file,"STUB (Rust body is empty/returns default; correspondence by name+signature+doc-comment only, no body evidence exists in the crate). C 5082-5084 (calls lodepng_decode_file with LCT_RGB,8). Rust src/lodepng.rs:1219 stub. tool_claim lodepng_load_file/lodepng_decode_memory rejected: those are callees of lodepng_decode_file, not this fn. matcher_forced=lodepng_decode32_file rejected."
lodepng_decoder_settings_init,lodepng.c,5115,(settings: LodePNGDecoderSettings *) -> void,lodepng_decode32_file;lodepng_decode24_file;lodepng_decoder_settings_init,lodepng_decode32_file,CLAIMED,yes,Fixed_5_Compile_Failed,lodepng_decoder_settings_init,lodepng_state_init,0.247,-0.201,ABSTAIN,CONFLICT,STUB:lodepng_decoder_settings_init,"STUB (Rust body is empty/returns default; correspondence by name+signature+doc-comment only, no body evidence exists in the crate). C 5089-5101. Rust src/lodepng.rs:1231 stub; duplicate same-name stub src/common/lodepng_mod.rs:27. tool_claim decode32_file/decode24_file rejected (other C fns). matcher_forced=lodepng_state_init rejected."
lodepng_state_init,lodepng.c,5133,(state: LodePNGState *) -> void,lodepng_state_init,lodepng_state_init,CLAIMED,yes,Fixed_5_Compile_Failed,lodepng_state_init,readChunk_cHRM,0.216,-0.125,ABSTAIN,CONFLICT,STUB:lodepng_state_init,"STUB (Rust body is empty/returns default; correspondence by name+signature+doc-comment only, no body evidence exists in the crate). C 5107-5120. Rust src/lodepng.rs:2467 stub; duplicate at src/lodepng.rs:2502. matcher_forced=readChunk_cHRM rejected: unrelated."
lodepng_state_cleanup,lodepng.c,5145,(state: LodePNGState *) -> void,lodepng_state_init,lodepng_state_init,CLAIMED,yes,Fixed_5_Compile_Failed,lodepng_state_cleanup,readChunk_tIME,0.217,-0.124,ABSTAIN,CONFLICT,STUB:lodepng_state_cleanup,"STUB (Rust body is empty/returns default; correspondence by name+signature+doc-comment only, no body evidence exists in the crate). C 5122-5126. Rust src/lodepng.rs:3348 stub; duplicate at src/lodepng.rs:3514. tool_claim=lodepng_state_init rejected (adjacent C fn). matcher_forced=readChunk_tIME rejected."
lodepng_state_copy,lodepng.c,5150,"(dest: LodePNGState *, source: const LodePNGState *) -> void",,,ELIDED,,Free_Function,lodepng_state_copy,LodePNGUnknownChunks_copy,0.229,-0.134,ABSTAIN,tool-says-elided,STUB:lodepng_state_copy,"STUB (Rust body is empty/returns default; correspondence by name+signature+doc-comment only, no body evidence exists in the crate). C 5128-5136. Rust src/lodepng.rs:2026 stub, doc names C fn. tool_claim ELIDED. matcher_forced=LodePNGUnknownChunks_copy rejected: different C fn."
writeSignature,lodepng.c,5168,(out: ucvector *) -> unsigned int,lodepng_state_copy,lodepng_state_copy,CLAIMED,yes,Fixed_5_Compile_Failed,writeSignature,writeSignature,0.204,-0.294,ABSTAIN,CONFLICT,STUB:writeSignature,"STUB (Rust body is empty/returns default; correspondence by name+signature+doc-comment only, no body evidence exists in the crate). C 5145-5150 (PNG signature bytes 137 80 78 71..., code 83). Rust src/lodepng.rs:2273 stub. tool_claim=lodepng_state_copy rejected: adjacent C fn placeholder. No signature-byte literal in crate."
addChunk_IHDR,lodepng.c,5177,"(out: ucvector *, w: unsigned int, h: unsigned int, colortype: LodePNGColorType, bitdepth: unsigned int, interlace_method: unsigned int) -> unsigned int",writeSignature;addChunk_IHDR,writeSignature,CLAIMED,yes,Fixed_5_Compile_Failed,addChunk_IHDR,addChunk_IHDR,0.207,-0.175,ABSTAIN,CONFLICT,STUB:addChunk_IHDR,"STUB (Rust body is empty/returns default; correspondence by name+signature+doc-comment only, no body evidence exists in the crate). C 5152-5170. Rust src/lodepng.rs:2276 stub. tool_claim=writeSignature rejected (off-by-one)."
addChunk_PLTE,lodepng.c,5196,"(out: ucvector *, info: const LodePNGColorMode *) -> unsigned int",addChunk_PLTE,addChunk_PLTE,CLAIMED,yes,Fixed_5_Compile_Failed,addChunk_PLTE,addChunk_sBIT,0.169,-0.196,ABSTAIN,CONFLICT,STUB:addChunk_PLTE,"STUB (Rust body is empty/returns default; correspondence by name+signature+doc-comment only, no body evidence exists in the crate). C 5174-5188 (code 68). Rust src/lodepng.rs:2292 stub, doc names C fn. matcher_forced=addChunk_sBIT rejected."
addChunk_tRNS,lodepng.c,5217,"(out: ucvector *, info: const LodePNGColorMode *) -> unsigned int",addChunk_tRNS,addChunk_tRNS,CLAIMED,yes,Fixed_5_Compile_Failed,addChunk_tRNS,unknown_function_name,0.166,-0.198,ABSTAIN,CONFLICT,STUB:addChunk_tRNS,"STUB (Rust body is empty/returns default; correspondence by name+signature+doc-comment only, no body evidence exists in the crate). C 5190-5220. Rust src/lodepng.rs:2300 stub, doc names C fn. matcher_forced=unknown_function_name rejected: that stub (src/lodepng.rs:1608) is an addUnknownChunks fragment placeholder."
addChunk_IDAT,lodepng.c,5254,"(out: ucvector *, data: const unsigned char *, datasize: size_t, zlibsettings: LodePNGCompressSettings *) -> unsigned int",addChunk_IDAT,addChunk_IDAT,CLAIMED,yes,Fixed_5_Compile_Failed,addChunk_IDAT,lodepng_inspect_chunk,0.186,-0.186,ABSTAIN,CONFLICT,STUB:addChunk_IDAT,"STUB (Rust body is empty/returns default; correspondence by name+signature+doc-comment only, no body evidence exists in the crate). C 5222-5236. Rust src/lodepng.rs:3122 stub, doc names C fn. matcher_forced=lodepng_inspect_chunk rejected."
addChunk_IEND,lodepng.c,5268,(out: ucvector *) -> unsigned int,zlib_compress,zlib_compress,CLAIMED,yes,Fixed_2_Compile_Failed,addChunk_IEND,addChunk_IEND,0.282,-0.228,ABSTAIN,CONFLICT,STUB:addChunk_IEND,"STUB (Rust body is empty/returns default; correspondence by name+signature+doc-comment only, no body evidence exists in the crate). C 5238-5240. Rust src/lodepng.rs:2312 stub, doc names C fn. tool_claim=zlib_compress rejected: it is a callee of addChunk_IDAT, not IEND."
addChunk_tEXt,lodepng.c,5274,"(out: ucvector *, keyword: const char *, textstring: const char *) -> unsigned int",wctomb;addChunk_IEND;addChunk_tEXt,wctomb,CLAIMED,yes,Fixed_5_Compile_Failed,addChunk_tEXt,addChunk_tEXt,0.197,-0.198,ABSTAIN,CONFLICT,STUB:addChunk_tEXt,"STUB (Rust body is empty/returns default; correspondence by name+signature+doc-comment only, no body evidence exists in the crate). C 5244-5257 (code 89). Rust src/lodepng.rs:2323 stub, doc names C fn. tool_claim wctomb/addChunk_IEND rejected: libc wrapper / adjacent C fn."
addChunk_zTXt,lodepng.c,5287,"(out: ucvector *, keyword: const char *, textstring: const char *, zlibsettings: LodePNGCompressSettings *) -> unsigned int",addChunk_zTXt,addChunk_zTXt,CLAIMED,yes,Fixed_3_Compile_Failed,addChunk_zTXt,inflate_huffman_block,0.192,-0.183,ABSTAIN,CONFLICT,STUB:addChunk_zTXt,"STUB (Rust body is empty/returns default; correspondence by name+signature+doc-comment only, no body evidence exists in the crate). C 5259-5285 (code 89). Rust src/lodepng.rs:3136 stub, doc names C fn. matcher_forced=inflate_huffman_block rejected."
addChunk_iTXt,lodepng.c,5315,"(out: ucvector *, compress: unsigned int, keyword: const char *, langtag: const char *, transkey: const char *, textstring: const char *, zlibsettings: LodePNGCompressSettings *) -> unsigned int",addChunk_iTXt,addChunk_iTXt,CLAIMED,yes,Fixed_5_Compile_Failed,addChunk_iTXt,getPixelColorRGBA8,0.119,-0.206,ABSTAIN,CONFLICT,STUB:addChunk_iTXt,"STUB (Rust body is empty/returns default; correspondence by name+signature+doc-comment only, no body evidence exists in the crate). C 5287-5323 (code 89). Rust src/lodepng.rs:3150 stub, doc names C fn. matcher_forced=getPixelColorRGBA8 rejected."
addChunk_bKGD,lodepng.c,5359,"(out: ucvector *, info: const LodePNGInfo *) -> unsigned int",addChunk_bKGD,addChunk_bKGD,CLAIMED,yes,Fixed_5_Compile_Failed,addChunk_bKGD,ensureBits32,0.143,-0.244,ABSTAIN,CONFLICT,STUB:addChunk_bKGD,"STUB (Rust body is empty/returns default; correspondence by name+signature+doc-comment only, no body evidence exists in the crate). C 5325-5342. Rust src/lodepng.rs:2337 stub, doc names C fn. matcher_forced=ensureBits32 rejected."
addChunk_tIME,lodepng.c,5381,"(out: ucvector *, time: const LodePNGTime *) -> unsigned int",addChunk_tIME,addChunk_tIME,CLAIMED,yes,Fixed_2_Compile_Failed,addChunk_tIME,addChunk_tIME,0.209,-0.17,ABSTAIN,unanimous,STUB:addChunk_tIME,"STUB (Rust body is empty/returns default; correspondence by name+signature+doc-comment only, no body evidence exists in the crate). C 5344-5356. Rust src/lodepng.rs:2346 stub, doc names C fn."
addChunk_pHYs,lodepng.c,5395,"(out: ucvector *, info: const LodePNGInfo *) -> unsigned int",addChunk_pHYs,addChunk_pHYs,CLAIMED,yes,Fixed_5_Compile_Failed,addChunk_pHYs,ensureBits9,0.149,-0.239,ABSTAIN,CONFLICT,STUB:addChunk_pHYs,"STUB (Rust body is empty/returns default; correspondence by name+signature+doc-comment only, no body evidence exists in the crate). C 5358-5366. Rust src/lodepng.rs:2357 stub; duplicate same-name stub at src/lodepng.rs:2362. matcher_forced=ensureBits9 rejected."
addChunk_gAMA,lodepng.c,5405,"(out: ucvector *, info: const LodePNGInfo *) -> unsigned int",addChunk_pHYs,addChunk_pHYs,CLAIMED,yes,Fixed_2_Compile_Failed,addChunk_gAMA,advance_bits,0.151,-0.237,ABSTAIN,CONFLICT,STUB:addChunk_gAMA,"STUB (Rust body is empty/returns default; correspondence by name+signature+doc-comment only, no body evidence exists in the crate). C 5368-5373. Rust src/lodepng.rs:2365 stub. tool_claim=addChunk_pHYs rejected (off-by-one). matcher_forced=advance_bits rejected."
addChunk_cHRM,lodepng.c,5413,"(out: ucvector *, info: const LodePNGInfo *) -> unsigned int",addChunk_gAMA;addChunk_cHRM,addChunk_gAMA,CLAIMED,yes,Fixed_5_Compile_Failed,addChunk_cHRM,ensureBits25,0.148,-0.24,ABSTAIN,CONFLICT,STUB:addChunk_cHRM,"STUB (Rust body is empty/returns default; correspondence by name+signature+doc-comment only, no body evidence exists in the crate). C 5375-5387. Rust src/lodepng.rs:2368 stub. tool_claim=addChunk_gAMA rejected (off-by-one). matcher_forced=ensureBits25 rejected. Note: addChunk_sRGB@src/lodepng.rs:2615 doc admits its source snippet was cHRM code (chrm_* fields) but was named sRGB per metadata -- a mislabeled cHRM fragment stub, not a second cHRM translation."
addChunk_sRGB,lodepng.c,5428,"(out: ucvector *, info: const LodePNGInfo *) -> unsigned int",addChunk_sRGB,addChunk_sRGB,CLAIMED,yes,Fixed_3_Compile_Failed,addChunk_sRGB,huffman_decode_symbol,0.227,-0.138,ABSTAIN,CONFLICT,STUB:addChunk_sRGB,"STUB (Rust body is empty/returns default; correspondence by name+signature+doc-comment only, no body evidence exists in the crate). C 5389-5392. Rust src/lodepng.rs:2615 stub (doc says snippet was actually cHRM code, named sRGB by metadata) and duplicate src/lodepng.rs:3163 stub whose doc correctly names 'static unsigned addChunk_sRGB'. Both stubs. matcher_forced=huffman_decode_symbol rejected."
addChunk_iCCP,lodepng.c,5433,"(out: ucvector *, info: const LodePNGInfo *, zlibsettings: LodePNGCompressSettings *) -> unsigned int",addChunk_sRGB;addChunk_iCCP,addChunk_sRGB,CLAIMED,yes,Fixed_5_Compile_Failed,addChunk_iCCP,readChunk_pHYs,0.167,-0.174,ABSTAIN,CONFLICT,STUB:addChunk_iCCP,"STUB (Rust body is empty/returns default; correspondence by name+signature+doc-comment only, no body evidence exists in the crate). C 5394-5423 (code 89). Rust src/lodepng.rs:3171 stub, doc names C fn. tool_claim=addChunk_sRGB rejected (adjacent). matcher_forced=readChunk_pHYs rejected."
addChunk_sBIT,lodepng.c,5459,"(out: ucvector *, info: const LodePNGInfo *) -> unsigned int",addChunk_sBIT,addChunk_sBIT,CLAIMED,yes,Fixed_5_Compile_Failed,addChunk_sBIT,adler32,0.109,-0.271,ABSTAIN,CONFLICT,STUB:addChunk_sBIT,"STUB (Rust body is empty/returns default; correspondence by name+signature+doc-comment only, no body evidence exists in the crate). C 5425-5445 (code 115). Rust src/lodepng.rs:2376 stub, doc names C fn. matcher_forced=adler32 rejected."
filterScanline,lodepng.c,5497,"(out: unsigned char *, scanline: const unsigned char *, prevline: const unsigned char *, length: size_t, bytewidth: size_t, filterType: unsigned char) -> void",filter_scanline,filter_scanline,CLAIMED,yes,Fixed_5_Compile_Failed,,filter_scanline,0.179,-0.245,ABSTAIN,single-source,SPLIT:filter_scanline;translated_segment,"PARTIAL. C 5497-5545 (5-case switch on filterType, Sub case: out[i]=scanline[i]-scanline[i-bytewidth]). Rust filter_scanline@src/lodepng.rs:737 is a stub (doc names C filterScanline) = nominal entry. translated_segment@src/lodepng.rs:428 is the only REAL code: a match with a single '_' arm doing exactly the Sub-filter loops (copy first bytewidth bytes, then wrapping_sub with 'i < length' comment and 'default: return;' comment) = C case 1 (also identical to case 4 no-prevline branch). Remaining 4 filter cases absent. tool_claim=translated_segment agrees on the fragment; matcher_forced=filter_scanline agrees on the entry. Neither alone is a full translation."
ilog2,lodepng.c,5542,(i: size_t) -> size_t,translated_segment,translated_segment,CLAIMED,yes,Fixed_1_Compile_Success,ilog2,ilog2i,0.303,-0.148,ABSTAIN,CONFLICT,STUB:ilog2,"STUB (Rust body is empty/returns default; correspondence by name+signature+doc-comment only, no body evidence exists in the crate). C 5548-5557 (binary-search log2). Rust src/lodepng.rs:716 stub, doc names C fn. tool_claim=translated_segment rejected: filterScanline Sub-case fragment, no log2 logic. matcher_forced=ilog2i rejected: placeholder for C ilog2i."
ilog2i,lodepng.c,5553,(i: size_t) -> size_t,ilog2,ilog2,CLAIMED,yes,Fixed_5_Compile_Failed,ilog2i,ilog2,0.306,-0.145,ABSTAIN,CONFLICT,STUB:ilog2i,"STUB (Rust body is empty/returns default; correspondence by name+signature+doc-comment only, no body evidence exists in the crate). C 5559-5567. Rust src/lodepng.rs:3180 stub, doc names C fn. tool_claim=ilog2 rejected (adjacent C fn)."
filter,lodepng.c,5562,"(out: unsigned char *, in: const unsigned char *, w: unsigned int, h: unsigned int, color: const LodePNGColorMode *, settings: const LodePNGEncoderSettings *) -> unsigned int",ilog2i;filter,ilog2i,CLAIMED,yes,Fixed_2_Compile_Failed,filter,filter,0.113,-0.254,ABSTAIN,CONFLICT,STUB:filter,"STUB (Rust body is empty/returns default; correspondence by name+signature+doc-comment only, no body evidence exists in the crate). C 5570-5750 (codes 31/88, strategy switch). Rust src/lodepng.rs:3196 stub, doc names C fn. tool_claim=ilog2i rejected (adjacent)."
addPaddingBits,lodepng.c,5756,"(out: unsigned char *, in: const unsigned char *, olinebits: size_t, ilinebits: size_t, h: unsigned int) -> void",addPaddingBits,addPaddingBits,CLAIMED,yes,Fixed_5_Compile_Failed,addPaddingBits,translated_segment,0.197,-0.027,ABSTAIN,CONFLICT,STUB:addPaddingBits,"STUB (Rust body is empty/returns default; correspondence by name+signature+doc-comment only, no body evidence exists in the crate). C 5752-5770. Rust src/lodepng.rs:790 stub, doc names C fn. matcher_forced=translated_segment rejected: filterScanline fragment."
Adam7_interlace,lodepng.c,5786,"(out: unsigned char *, in: const unsigned char *, w: unsigned int, h: unsigned int, bpp: unsigned int) -> void",Adam7_interlace,Adam7_interlace,CLAIMED,yes,Fixed_5_Compile_Failed,Adam7_interlace,Adam7_deinterlace,0.183,-0.255,ABSTAIN,CONFLICT,STUB:Adam7_interlace,"STUB (Rust body is empty/returns default; correspondence by name+signature+doc-comment only, no body evidence exists in the crate). C 5777-5820. Rust src/lodepng.rs:1171 stub, doc names C fn. matcher_forced=Adam7_deinterlace rejected: deinterlace placeholder."
preProcessScanlines,lodepng.c,5827,"(out: unsigned char **, outsize: size_t *, in: const unsigned char *, w: unsigned int, h: unsigned int, info_png: const LodePNGInfo *, settings: const LodePNGEncoderSettings *) -> unsigned int",preProcessScanlines,preProcessScanlines,CLAIMED,yes,Fixed_5_Compile_Failed,preProcessScanlines,getPixelColorRGBA16,0.09,-0.235,ABSTAIN,CONFLICT,STUB:preProcessScanlines,"STUB (Rust body is empty/returns default; correspondence by name+signature+doc-comment only, no body evidence exists in the crate). C 5825-5895 (code 83). Rust src/lodepng.rs:3245 stub, doc names C fn. matcher_forced=getPixelColorRGBA16 rejected."
addUnknownChunks,lodepng.c,5901,"(out: ucvector *, data: unsigned char *, datasize: size_t) -> unsigned int",unknown_function_name;add_unknown_chunks,unknown_function_name,CLAIMED,yes,Fixed_5_Compile_Failed,,add_unknown_chunks,0.199,-0.252,ABSTAIN,CONFLICT,STUB:add_unknown_chunks,"STUB (Rust body is empty/returns default; correspondence by name+signature+doc-comment only, no body evidence exists in the crate). C 5901-5909 (loop over inchunk, lodepng_chunk_append / lodepng_chunk_next). Rust add_unknown_chunks@src/lodepng.rs:422 stub with signature matching C (out: &mut Vec<u8>, data, datasize). Three more stub placeholders for the SAME C fn: add_unknown_chunks@src/lodepng.rs:1616 (different signature, doc 'Stub for the addUnknownChunks function'), unknown_function_name@src/lodepng.rs:1608 ('surrounding function returning error code'), inchunk_function_stub@src/lodepng.rs:415 (comment quotes 'inchunk = lodepng_chunk_next(inchunk, data + datasize)'). All are empty; picked the inventory-named one. tool_claim lists unknown_function_name and add_unknown_chunks (latter agrees)."
isGrayICCProfile,lodepng.c,5911,"(profile: const unsigned char *, size: unsigned int) -> unsigned int",add_unknown_chunks,add_unknown_chunks,CLAIMED,yes,Fixed_5_Compile_Failed,isGrayICCProfile,uivector_push_back,0.131,-0.336,ABSTAIN,CONFLICT,STUB:isGrayICCProfile,"STUB (Rust body is empty/returns default; correspondence by name+signature+doc-comment only, no body evidence exists in the crate). C 5913-5920 ('GRAY' at offset 16). Rust src/lodepng.rs:3281 stub, doc names C fn. No 'GRAY' literal in crate. tool_claim=add_unknown_chunks rejected; matcher_forced=uivector_push_back rejected."
isRGBICCProfile,lodepng.c,5925,"(profile: const unsigned char *, size: unsigned int) -> unsigned int",inchunk_function_stub,inchunk_function_stub,CLAIMED,yes,Fixed_5_Compile_Failed,isRGBICCProfile,isRGBICCProfile,0.203,-0.24,ABSTAIN,CONFLICT,STUB:isRGBICCProfile,"STUB (Rust body is empty/returns default; correspondence by name+signature+doc-comment only, no body evidence exists in the crate). C 5922-5928 ('RGB '). Rust src/lodepng.rs:3287 stub, doc names C fn. tool_claim=inchunk_function_stub rejected: addUnknownChunks fragment placeholder."
lodepng_encode,lodepng.c,5932,"(out: unsigned char **, outsize: size_t *, image: const unsigned char *, w: unsigned int, h: unsigned int, state: LodePNGState *) -> unsigned int",isGrayICCProfile;isRGBICCProfile;lodepng_encode,isGrayICCProfile,CLAIMED,yes,Fixed_4_Compile_Failed,lodepng_encode,decodeGeneric,0.138,-0.227,ABSTAIN,CONFLICT,STUB:lodepng_encode,"STUB (Rust body is empty/returns default; correspondence by name+signature+doc-comment only, no body evidence exists in the crate). C 5932-6162 (main encoder, codes 59/60/61/62/64/65/66/67/68/71/86/87). Rust src/lodepng.rs:3301 stub; duplicate at src/lodepng.rs:3499. tool_claim isGrayICCProfile/isRGBICCProfile rejected: they are callees. matcher_forced=decodeGeneric rejected."
lodepng_encode_memory,lodepng.c,6267,"(out: unsigned char **, outsize: size_t *, image: const unsigned char *, w: unsigned int, h: unsigned int, colortype: LodePNGColorType, bitdepth: unsigned int) -> unsigned int",lodepng_encode_memory,lodepng_encode_memory,CLAIMED,yes,Fixed_5_Compile_Failed,lodepng_encode_memory,lodepng_encode_memory,0.362,-0.024,ABSTAIN,unanimous,STUB:lodepng_encode_memory,"STUB (Rust body is empty/returns default; correspondence by name+signature+doc-comment only, no body evidence exists in the crate). C 6264-6280. Rust src/lodepng.rs:3408 stub, doc names C fn."
lodepng_encode32,lodepng.c,6282,"(out: unsigned char **, outsize: size_t *, image: const unsigned char *, w: unsigned int, h: unsigned int) -> unsigned int",,,EMPTY,,Fixed_5_Compile_Failed,lodepng_encode32,lodepng_encode32,0.463,0.001,ABSTAIN,single-source,lodepng_encode32,"REAL translation. C 6282-6284: return lodepng_encode_memory(out,outsize,image,w,h,LCT_RGBA,8). Rust src/lodepng.rs:3516 body: lodepng_encode_memory(out, outsize, image, w, h, LodePNGColorType::LCT_RGBA, 8) -- identical. tool_claim EMPTY (tool did not claim it), same_name/matcher_forced agree."
lodepng_encode24,lodepng.c,6286,"(out: unsigned char **, outsize: size_t *, image: const unsigned char *, w: unsigned int, h: unsigned int) -> unsigned int",lodepng_encode;lodepng_state_cleanup,lodepng_encode,CLAIMED,yes,Fixed_5_Compile_Failed,lodepng_encode24,lodepng_encode24,0.463,0.001,ABSTAIN,CONFLICT,lodepng_encode24,"REAL translation. C 6286-6288 (LCT_RGB, 8). Rust src/lodepng.rs:3525 body: lodepng_encode_memory(..., LodePNGColorType::LCT_RGB, 8) -- identical. tool_claim lodepng_encode/lodepng_state_cleanup rejected: those are stubs for other C fns."
lodepng_encode_file,lodepng.c,6291,"(filename: const char *, image: const unsigned char *, w: unsigned int, h: unsigned int, colortype: LodePNGColorType, bitdepth: unsigned int) -> unsigned int",lodepng_encode32;lodepng_encode24,lodepng_encode32,CLAIMED,yes,Fixed_5_Compile_Failed,lodepng_encode_file,lodepng_encode_file,0.137,-0.249,ABSTAIN,CONFLICT,STUB:lodepng_encode_file,"STUB (Rust body is empty/returns default; correspondence by name+signature+doc-comment only, no body evidence exists in the crate). C 6291-6299 (encode_memory then lodepng_save_file, free). Rust src/lodepng.rs:3534 stub. tool_claim encode32/encode24 rejected: those are the real translations of C lodepng_encode32/24 (one-line LCT_RGBA/LCT_RGB wrappers), not this fn. Note: lodepng_encode24_file@src/lodepng.rs:3549 has a doc describing THIS fn's body (encode_memory then save_file) but is a stub under the wrong name; rejected as not the named translation."
lodepng_encode32_file,lodepng.c,6301,"(filename: const char *, image: const unsigned char *, w: unsigned int, h: unsigned int) -> unsigned int",lodepng_encode_file,lodepng_encode_file,CLAIMED,yes,Fixed_5_Compile_Failed,lodepng_encode32_file,lodepng_encode32_file,0.208,-0.184,ABSTAIN,CONFLICT,STUB:lodepng_encode32_file,"STUB (Rust body is empty/returns default; correspondence by name+signature+doc-comment only, no body evidence exists in the crate). C 6301-6303. Rust src/lodepng.rs:1235 stub. tool_claim=lodepng_encode_file rejected (adjacent C fn)."
lodepng_encode24_file,lodepng.c,6305,"(filename: const char *, image: const unsigned char *, w: unsigned int, h: unsigned int) -> unsigned int",lodepng_encode24_file,lodepng_encode24_file,CLAIMED,yes,Fixed_5_Compile_Failed,lodepng_encode24_file,update_adler32,0.211,-0.222,ABSTAIN,CONFLICT,STUB:lodepng_encode24_file,"STUB (Rust body is empty/returns default; correspondence by name+signature+doc-comment only, no body evidence exists in the crate). C 6305-6307. Rust src/lodepng.rs:1243 stub; duplicate same-name stub at src/lodepng.rs:3549 (doc mis-describes encode_file's body). matcher_forced=update_adler32 rejected."
lodepng_encoder_settings_init,lodepng.c,6310,(settings: LodePNGEncoderSettings *) -> void,lodepng_encode32_file;lodepng_encode24_file,lodepng_encode32_file,CLAIMED,yes,Fixed_5_Compile_Failed,lodepng_encoder_settings_init,lodepng_encoder_settings_init,0.216,-0.238,ABSTAIN,CONFLICT,STUB:lodepng_encoder_settings_init,"STUB (Rust body is empty/returns default; correspondence by name+signature+doc-comment only, no body evidence exists in the crate). C 6311-6321. Only definition is src/common/lodepng_mod.rs:233 (no-op stub, doc names C fn). tool_claim encode32_file/encode24_file rejected (other C fns). lodepng_compress_settings_init@src/lodepng.rs:907 takes LodePNGEncoderSettings but is the compress-settings placeholder, rejected."
lodepng_error_text,lodepng.c,6331,(code: unsigned int) -> const char *,lodepng_error_text,lodepng_error_text,CLAIMED,yes,Fixed_5_Compile_Failed,lodepng_error_text,lodepng_error_text,0.572,0.032,lodepng_error_text,unanimous,STUB:lodepng_error_text,"STUB (Rust body is empty/returns default; correspondence by name+signature+doc-comment only, no body evidence exists in the crate). C 6331-6457 (127-line switch of error strings, 'nothing done yet'/'unknown error code'). Rust src/lodepng.rs:354 returns Option<&'static str> = None; no error string literal exists anywhere in the crate."
