/home/yunzez/c2rust_testing/tools/frameworks/ptrtrans_rebuild/ptrtrans_venv/lib/python3.11/site-packages/tree_sitter/__init__.py:36: FutureWarning: Language(path, name) is deprecated. Use Language(ptr, name) instead.
  warn("{} is deprecated. Use {} instead.".format(old, new), FutureWarning)
INFO:__main__:Current Time: gpt_5.1_260902_022947
/home/yunzez/c2rust_testing/tools/frameworks/ptrtrans_rebuild/ptrtrans_venv/lib/python3.11/site-packages/tree_sitter/__init__.py:36: FutureWarning: Language(path, name) is deprecated. Use Language(ptr, name) instead.
  warn("{} is deprecated. Use {} instead.".format(old, new), FutureWarning)
INFO:utils.macro_expand:compile_commands.json already exists, skipping generation
In file included from main.c:26:
In file included from /usr/include/unistd.h:25:
/usr/include/features.h:205:3: warning: "_BSD_SOURCE and _SVID_SOURCE are deprecated, use _DEFAULT_SOURCE" [-W#warnings]
  205 | # warning "_BSD_SOURCE and _SVID_SOURCE are deprecated, use _DEFAULT_SOURCE"
      |   ^
1 warning generated.
Deal:  crown_dataset/lil
  0%|          | 0/2 [00:00<?, ?it/s] 50%|█████     | 1/2 [00:00<00:00,  3.30it/s]100%|██████████| 2/2 [00:00<00:00,  5.64it/s]
INFO:root:
Compile Summary:
INFO:root:Success: 2 files
INFO:root:Failed: 0 files
INFO:KG_construction:Successfully processed macros. Output directory: /home/yunzez/c2rust_testing/tools/frameworks/ptrtrans_rebuild/PtrTrans-C2Rust/Code_Package/dataset/crown_dataset/lil_expanded_dealed


Configuration file 'Doxyfile' created.

Now edit the configuration file and enter

  doxygen

to generate the documentation for your project

warning: Tag 'OUTPUT_TEXT_DIRECTION' at line 102 of file 'Doxyfile' has become obsolete.
         To avoid this warning please remove this line from your configuration file or upgrade it using "doxygen -u"
warning: Tag 'TCL_SUBST' at line 270 of file 'Doxyfile' has become obsolete.
         To avoid this warning please remove this line from your configuration file or upgrade it using "doxygen -u"
warning: Tag 'COLS_IN_ALPHA_INDEX' at line 1162 of file 'Doxyfile' has become obsolete.
         To avoid this warning please remove this line from your configuration file or upgrade it using "doxygen -u"
warning: Tag 'HTML_TIMESTAMP' at line 1298 of file 'Doxyfile' has become obsolete.
         To avoid this warning please remove this line from your configuration file or upgrade it using "doxygen -u"
warning: Tag 'FORMULA_TRANSPARENT' at line 1590 of file 'Doxyfile' has become obsolete.
         To avoid this warning please remove this line from your configuration file or upgrade it using "doxygen -u"
warning: Tag 'LATEX_SOURCE_CODE' at line 1898 of file 'Doxyfile' has become obsolete.
         To avoid this warning please remove this line from your configuration file or upgrade it using "doxygen -u"
warning: Tag 'LATEX_TIMESTAMP' at line 1914 of file 'Doxyfile' has become obsolete.
         To avoid this warning please remove this line from your configuration file or upgrade it using "doxygen -u"
warning: Tag 'RTF_SOURCE_CODE' at line 1988 of file 'Doxyfile' has become obsolete.
         To avoid this warning please remove this line from your configuration file or upgrade it using "doxygen -u"
warning: Tag 'DOCBOOK_PROGRAMLISTING' at line 2093 of file 'Doxyfile' has become obsolete.
         To avoid this warning please remove this line from your configuration file or upgrade it using "doxygen -u"
warning: Tag 'CLASS_DIAGRAMS' at line 2303 of file 'Doxyfile' has become obsolete.
         To avoid this warning please remove this line from your configuration file or upgrade it using "doxygen -u"
warning: Tag 'DOT_FONTNAME' at line 2345 of file 'Doxyfile' has become obsolete.
         To avoid this warning please remove this line from your configuration file or upgrade it using "doxygen -u"
warning: Tag 'DOT_FONTSIZE' at line 2352 of file 'Doxyfile' has become obsolete.
         To avoid this warning please remove this line from your configuration file or upgrade it using "doxygen -u"
warning: Tag 'DOT_TRANSPARENT' at line 2578 of file 'Doxyfile' has become obsolete.
         To avoid this warning please remove this line from your configuration file or upgrade it using "doxygen -u"
warning: source './dot_files' is not a readable file or directory... skipping.
Doxygen version used: 1.9.8 (c2fe5c3e4986974eb2a97608b24086683502f07f)
Notice: Output directory './doxygen_output' does not exist. I have created it for you.
Searching for include files...
Searching for example files...
Searching for images...
Searching for dot files...
Searching for msc files...
Searching for dia files...
Searching for files to exclude
Searching INPUT for files to process...
Searching for files in directory /home/yunzez/c2rust_testing/tools/frameworks/ptrtrans_rebuild/PtrTrans-C2Rust/Code_Package/dataset/crown_dataset/lil_expanded_dealed
Searching for files in directory /home/yunzez/c2rust_testing/tools/frameworks/ptrtrans_rebuild/PtrTrans-C2Rust/Code_Package/dataset/crown_dataset/lil_expanded_dealed/doxygen_output
Searching for files in directory /home/yunzez/c2rust_testing/tools/frameworks/ptrtrans_rebuild/PtrTrans-C2Rust/Code_Package/dataset/crown_dataset/lil_expanded_dealed/doxygen_output/xml
Reading and parsing tag files
Parsing files
Preprocessing /home/yunzez/c2rust_testing/tools/frameworks/ptrtrans_rebuild/PtrTrans-C2Rust/Code_Package/dataset/crown_dataset/lil_expanded_dealed/lil.c...
Parsing file /home/yunzez/c2rust_testing/tools/frameworks/ptrtrans_rebuild/PtrTrans-C2Rust/Code_Package/dataset/crown_dataset/lil_expanded_dealed/lil.c...
Preprocessing /home/yunzez/c2rust_testing/tools/frameworks/ptrtrans_rebuild/PtrTrans-C2Rust/Code_Package/dataset/crown_dataset/lil_expanded_dealed/main.c...
Parsing file /home/yunzez/c2rust_testing/tools/frameworks/ptrtrans_rebuild/PtrTrans-C2Rust/Code_Package/dataset/crown_dataset/lil_expanded_dealed/main.c...
Building macro definition list...
Building group list...
Building directory list...
Building namespace list...
Building file list...
Building class list...
Building concept list...
Computing nesting relations for classes...
Associating documentation with classes...
Associating documentation with concepts...
Associating documentation with modules...
Building example list...
Searching for enumerations...
Searching for documented typedefs...
Searching for members imported via using declarations...
Searching for included using directives...
Searching for documented variables...
Building interface member list...
Building member list...
Searching for friends...
Searching for documented defines...
Computing class inheritance relations...
Computing class usage relations...
Flushing cached template relations that have become invalid...
Computing class relations...
Add enum values to enums...
Searching for member function documentation...
Creating members for template instances...
Building page list...
Search for main page...
Computing page relations...
Determining the scope of groups...
Computing module relations...
Sorting lists...
Determining which enums are documented
Computing member relations...
Building full member lists recursively...
Adding members to member groups.
Computing member references...
Inheriting documentation...
Generating disk names...
Adding source references...
Adding xrefitems...
Sorting member lists...
Setting anonymous enum type...
Computing dependencies between directories...
Generating citations page...
Counting members...
Counting data structures...
Resolving user defined references...
Finding anchors and sections in the documentation...
Transferring function references...
Combining using relations...
Adding members to index pages...
Correcting members for VHDL...
Computing tooltip texts...
Generating style sheet...
Generating search indices...
Generating example documentation...
Generating file sources...
Generating code for file /home/yunzez/c2rust_testing/tools/frameworks/ptrtrans_rebuild/PtrTrans-C2Rust/Code_Package/dataset/crown_dataset/lil_expanded_dealed/lil.c...
Generating code for file /home/yunzez/c2rust_testing/tools/frameworks/ptrtrans_rebuild/PtrTrans-C2Rust/Code_Package/dataset/crown_dataset/lil_expanded_dealed/main.c...
Generating file documentation...
Generating docs for file /home/yunzez/c2rust_testing/tools/frameworks/ptrtrans_rebuild/PtrTrans-C2Rust/Code_Package/dataset/crown_dataset/lil_expanded_dealed/lil.c...
Generating caller graph for function __ctype_b_loc
Generating call graph for function add_func
Generating caller graph for function add_func
Generating call graph for function alloc_value
Generating caller graph for function alloc_value
Generating caller graph for function ateol
Generating caller graph for function atof
Generating caller graph for function atoll
Generating caller graph for function calloc
Generating call graph for function ee_addsub
Generating caller graph for function ee_addsub
Generating call graph for function ee_bitand
Generating caller graph for function ee_bitand
Generating call graph for function ee_bitor
Generating caller graph for function ee_bitor
Generating call graph for function ee_compare
Generating caller graph for function ee_compare
Generating call graph for function ee_element
Generating caller graph for function ee_element
Generating call graph for function ee_equals
Generating caller graph for function ee_equals
Generating call graph for function ee_expr
Generating caller graph for function ee_expr
Generating call graph for function ee_logand
Generating caller graph for function ee_logand
Generating call graph for function ee_logor
Generating caller graph for function ee_logor
Generating call graph for function ee_muldiv
Generating caller graph for function ee_muldiv
Generating call graph for function ee_numeric_element
Generating caller graph for function ee_numeric_element
Generating call graph for function ee_paren
Generating caller graph for function ee_paren
Generating call graph for function ee_shift
Generating caller graph for function ee_shift
Generating call graph for function ee_skip_spaces
Generating caller graph for function ee_skip_spaces
Generating call graph for function ee_unary
Generating caller graph for function ee_unary
Generating caller graph for function fclose
Generating call graph for function find_cmd
Generating caller graph for function find_cmd
Generating caller graph for function fmod
Generating call graph for function fnc_append
Generating caller graph for function fnc_append
Generating call graph for function fnc_catcher
Generating caller graph for function fnc_catcher
Generating call graph for function fnc_char
Generating caller graph for function fnc_char
Generating call graph for function fnc_charat
Generating caller graph for function fnc_charat
Generating call graph for function fnc_codeat
Generating caller graph for function fnc_codeat
Generating call graph for function fnc_concat
Generating caller graph for function fnc_concat
Generating call graph for function fnc_count
Generating caller graph for function fnc_count
Generating call graph for function fnc_dec
Generating caller graph for function fnc_dec
Generating call graph for function fnc_downeval
Generating caller graph for function fnc_downeval
Generating call graph for function fnc_enveval
Generating caller graph for function fnc_enveval
Generating call graph for function fnc_error
Generating caller graph for function fnc_error
Generating call graph for function fnc_eval
Generating caller graph for function fnc_eval
Generating caller graph for function fnc_exit
Generating call graph for function fnc_expr
Generating caller graph for function fnc_expr
Generating call graph for function fnc_filter
Generating caller graph for function fnc_filter
Generating call graph for function fnc_for
Generating caller graph for function fnc_for
Generating call graph for function fnc_foreach
Generating caller graph for function fnc_foreach
Generating call graph for function fnc_func
Generating caller graph for function fnc_func
Generating call graph for function fnc_if
Generating caller graph for function fnc_if
Generating call graph for function fnc_inc
Generating caller graph for function fnc_inc
Generating call graph for function fnc_index
Generating caller graph for function fnc_index
Generating call graph for function fnc_indexof
Generating caller graph for function fnc_indexof
Generating call graph for function fnc_jaileval
Generating caller graph for function fnc_jaileval
Generating call graph for function fnc_length
Generating caller graph for function fnc_length
Generating call graph for function fnc_list
Generating caller graph for function fnc_list
Generating call graph for function fnc_lmap
Generating caller graph for function fnc_lmap
Generating call graph for function fnc_local
Generating caller graph for function fnc_local
Generating call graph for function fnc_ltrim
Generating caller graph for function fnc_ltrim
Generating call graph for function fnc_print
Generating caller graph for function fnc_print
Generating call graph for function fnc_quote
Generating caller graph for function fnc_quote
Generating call graph for function fnc_rand
Generating caller graph for function fnc_rand
Generating call graph for function fnc_read
Generating caller graph for function fnc_read
Generating call graph for function fnc_reflect
Generating caller graph for function fnc_reflect
Generating call graph for function fnc_rename
Generating caller graph for function fnc_rename
Generating call graph for function fnc_repstr
Generating caller graph for function fnc_repstr
Generating call graph for function fnc_result
Generating caller graph for function fnc_result
Generating call graph for function fnc_return
Generating caller graph for function fnc_return
Generating call graph for function fnc_rtrim
Generating caller graph for function fnc_rtrim
Generating call graph for function fnc_set
Generating caller graph for function fnc_set
Generating call graph for function fnc_slice
Generating caller graph for function fnc_slice
Generating call graph for function fnc_source
Generating caller graph for function fnc_source
Generating call graph for function fnc_split
Generating caller graph for function fnc_split
Generating call graph for function fnc_store
Generating caller graph for function fnc_store
Generating call graph for function fnc_strcmp
Generating caller graph for function fnc_strcmp
Generating call graph for function fnc_streq
Generating caller graph for function fnc_streq
Generating call graph for function fnc_strpos
Generating caller graph for function fnc_strpos
Generating call graph for function fnc_subst
Generating caller graph for function fnc_subst
Generating call graph for function fnc_substr
Generating caller graph for function fnc_substr
Generating call graph for function fnc_topeval
Generating caller graph for function fnc_topeval
Generating call graph for function fnc_trim
Generating caller graph for function fnc_trim
Generating call graph for function fnc_try
Generating caller graph for function fnc_try
Generating call graph for function fnc_unusedname
Generating caller graph for function fnc_unusedname
Generating call graph for function fnc_upeval
Generating caller graph for function fnc_upeval
Generating call graph for function fnc_while
Generating caller graph for function fnc_while
Generating call graph for function fnc_write
Generating caller graph for function fnc_write
Generating caller graph for function fopen
Generating caller graph for function fread
Generating caller graph for function free
Generating caller graph for function fseek
Generating caller graph for function ftell
Generating caller graph for function fwrite
Generating call graph for function get_bracketpart
Generating caller graph for function get_bracketpart
Generating call graph for function get_dollarpart
Generating caller graph for function get_dollarpart
Generating caller graph for function index
Generating caller graph for function islilspecial
Generating call graph for function lil_alloc_double
Generating caller graph for function lil_alloc_double
Generating call graph for function lil_alloc_env
Generating caller graph for function lil_alloc_env
Generating call graph for function lil_alloc_integer
Generating caller graph for function lil_alloc_integer
Generating call graph for function lil_alloc_list
Generating caller graph for function lil_alloc_list
Generating call graph for function lil_alloc_string
Generating caller graph for function lil_alloc_string
Generating call graph for function lil_append_char
Generating caller graph for function lil_append_char
Generating call graph for function lil_append_string
Generating call graph for function lil_append_val
Generating caller graph for function lil_append_val
Generating call graph for function lil_arg
Generating caller graph for function lil_callback
Generating call graph for function lil_clone_value
Generating caller graph for function lil_clone_value
Generating caller graph for function lil_error
Generating call graph for function lil_eval_expr
Generating caller graph for function lil_eval_expr
Generating call graph for function lil_find_local_var
Generating caller graph for function lil_find_local_var
Generating call graph for function lil_find_var
Generating caller graph for function lil_find_var
Generating call graph for function lil_free
Generating caller graph for function lil_free
Generating call graph for function lil_free_env
Generating caller graph for function lil_free_env
Generating call graph for function lil_free_list
Generating caller graph for function lil_free_list
Generating call graph for function lil_free_value
Generating caller graph for function lil_free_value
Generating call graph for function lil_get_var
Generating caller graph for function lil_get_var
Generating call graph for function lil_get_var_or
Generating caller graph for function lil_get_var_or
Generating call graph for function lil_list_append
Generating caller graph for function lil_list_append
Generating call graph for function lil_list_get
Generating caller graph for function lil_list_get
Generating caller graph for function lil_list_size
Generating call graph for function lil_list_to_value
Generating caller graph for function lil_list_to_value
Generating call graph for function lil_new
Generating caller graph for function lil_new
Generating call graph for function lil_parse
Generating caller graph for function lil_parse
Generating call graph for function lil_parse_value
Generating caller graph for function lil_parse_value
Generating call graph for function lil_pop_env
Generating caller graph for function lil_pop_env
Generating call graph for function lil_push_env
Generating caller graph for function lil_push_env
Generating call graph for function lil_register
Generating caller graph for function lil_register
Generating call graph for function lil_set_error
Generating caller graph for function lil_set_error
Generating call graph for function lil_set_error_at
Generating caller graph for function lil_set_error_at
Generating call graph for function lil_set_var
Generating caller graph for function lil_set_var
Generating call graph for function lil_subst_to_list
Generating caller graph for function lil_subst_to_list
Generating call graph for function lil_subst_to_value
Generating caller graph for function lil_subst_to_value
Generating call graph for function lil_to_boolean
Generating caller graph for function lil_to_boolean
Generating call graph for function lil_to_double
Generating caller graph for function lil_to_double
Generating call graph for function lil_to_integer
Generating caller graph for function lil_to_integer
Generating caller graph for function lil_to_string
Generating call graph for function lil_unused_name
Generating caller graph for function lil_unused_name
Generating caller graph for function malloc
Generating caller graph for function memcpy
Generating call graph for function needs_escape
Generating caller graph for function needs_escape
Generating call graph for function next_word
Generating caller graph for function next_word
Generating caller graph for function printf
Generating caller graph for function rand
Generating call graph for function real_inc
Generating caller graph for function real_inc
Generating call graph for function real_trim
Generating caller graph for function real_trim
Generating caller graph for function realloc
Generating call graph for function register_stdcmds
Generating caller graph for function register_stdcmds
Generating call graph for function skip_spaces
Generating caller graph for function skip_spaces
Generating caller graph for function sprintf
Generating caller graph for function strchr
Generating call graph for function strclone
Generating caller graph for function strclone
Generating caller graph for function strcmp
Generating caller graph for function strlen
Generating caller graph for function strstr
Generating call graph for function substitute
Generating caller graph for function substitute
Generating docs for file /home/yunzez/c2rust_testing/tools/frameworks/ptrtrans_rebuild/PtrTrans-C2Rust/Code_Package/dataset/crown_dataset/lil_expanded_dealed/main.c...
Generating caller graph for function access
Generating call graph for function do_exit
Generating caller graph for function do_exit
Generating call graph for function do_system
Generating caller graph for function do_system
Generating caller graph for function fgetc
Generating caller graph for function fgets
Generating call graph for function fnc_readline
Generating caller graph for function fnc_readline
Generating call graph for function fnc_system
Generating caller graph for function fnc_system
Generating call graph for function fnc_writechar
Generating caller graph for function fnc_writechar
Generating caller graph for function fprintf
Generating caller graph for function fread
Generating caller graph for function free
Generating call graph for function lil_alloc_double
Generating caller graph for function lil_alloc_double
Generating call graph for function lil_alloc_env
Generating caller graph for function lil_alloc_env
Generating call graph for function lil_alloc_integer
Generating caller graph for function lil_alloc_integer
Generating call graph for function lil_alloc_list
Generating caller graph for function lil_alloc_list
Generating call graph for function lil_alloc_string
Generating caller graph for function lil_alloc_string
Generating call graph for function lil_append_char
Generating caller graph for function lil_append_char
Generating call graph for function lil_append_string
Generating call graph for function lil_append_val
Generating caller graph for function lil_append_val
Generating call graph for function lil_arg
Generating caller graph for function lil_callback
Generating call graph for function lil_clone_value
Generating caller graph for function lil_clone_value
Generating caller graph for function lil_error
Generating call graph for function lil_eval_expr
Generating caller graph for function lil_eval_expr
Generating call graph for function lil_free
Generating caller graph for function lil_free
Generating call graph for function lil_free_env
Generating caller graph for function lil_free_env
Generating call graph for function lil_free_list
Generating caller graph for function lil_free_list
Generating call graph for function lil_free_value
Generating caller graph for function lil_free_value
Generating call graph for function lil_get_var
Generating caller graph for function lil_get_var
Generating call graph for function lil_get_var_or
Generating caller graph for function lil_get_var_or
Generating call graph for function lil_list_append
Generating caller graph for function lil_list_append
Generating call graph for function lil_list_get
Generating caller graph for function lil_list_get
Generating caller graph for function lil_list_size
Generating call graph for function lil_list_to_value
Generating caller graph for function lil_list_to_value
Generating call graph for function lil_new
Generating caller graph for function lil_new
Generating call graph for function lil_parse
Generating caller graph for function lil_parse
Generating call graph for function lil_parse_value
Generating caller graph for function lil_parse_value
Generating call graph for function lil_pop_env
Generating caller graph for function lil_pop_env
Generating call graph for function lil_push_env
Generating caller graph for function lil_push_env
Generating call graph for function lil_register
Generating caller graph for function lil_register
Generating call graph for function lil_set_error
Generating caller graph for function lil_set_error
Generating call graph for function lil_set_error_at
Generating caller graph for function lil_set_error_at
Generating call graph for function lil_set_var
Generating caller graph for function lil_set_var
Generating call graph for function lil_subst_to_list
Generating caller graph for function lil_subst_to_list
Generating call graph for function lil_subst_to_value
Generating caller graph for function lil_subst_to_value
Generating call graph for function lil_to_boolean
Generating caller graph for function lil_to_boolean
Generating call graph for function lil_to_double
Generating caller graph for function lil_to_double
Generating call graph for function lil_to_integer
Generating caller graph for function lil_to_integer
Generating caller graph for function lil_to_string
Generating call graph for function lil_unused_name
Generating caller graph for function lil_unused_name
Generating call graph for function main
Generating caller graph for function malloc
Generating caller graph for function memcpy
Generating call graph for function nonint
Generating caller graph for function nonint
Generating caller graph for function pclose
Generating caller graph for function popen
Generating caller graph for function printf
Generating caller graph for function realloc
Generating call graph for function repl
Generating caller graph for function repl
Generating caller graph for function sprintf
Generating caller graph for function strlen
Generating page documentation...
Generating group documentation...
Generating class documentation...
Generating docs for compound __atomic_wide_counter...
Generating docs for compound __fsid_t...
Generating docs for compound __locale_struct...
Generating docs for compound __mbstate_t...
Generating docs for compound __once_flag...
Generating docs for compound __pthread_cond_s...
Generating docs for compound __pthread_internal_list...
Generating docs for compound __pthread_internal_slist...
Generating docs for compound __pthread_mutex_s...
Generating docs for compound __pthread_rwlock_arch_t...
Generating docs for compound __sigset_t...
Generating docs for compound _expreval_t...
Generating docs for compound _G_fpos64_t...
Generating docs for compound _G_fpos_t...
Generating docs for compound _IO_cookie_io_functions_t...
Generating docs for compound _IO_FILE...
Generating docs for compound _lil_env_t...
Generating docs for compound _lil_func_t...
Generating docs for compound _lil_list_t...
Generating docs for compound _lil_t...
Generating docs for compound _lil_value_t...
Generating docs for compound _lil_var_t...
Generating docs for compound div_t...
Generating docs for compound drand48_data...
Generating docs for compound fd_set...
Generating docs for compound itimerspec...
Generating docs for compound ldiv_t...
Generating docs for compound lldiv_t...
Generating docs for compound pthread_attr_t...
Generating docs for compound pthread_barrier_t...
Generating docs for compound pthread_barrierattr_t...
Generating docs for compound pthread_cond_t...
Generating docs for compound pthread_condattr_t...
Generating docs for compound pthread_mutex_t...
Generating docs for compound pthread_mutexattr_t...
Generating docs for compound pthread_rwlock_t...
Generating docs for compound pthread_rwlockattr_t...
Generating docs for compound random_data...
Generating docs for compound timespec...
Generating docs for compound timeval...
Generating docs for compound tm...
Generating concept documentation...
Generating module documentation...
Generating namespace documentation...
Generating graph info page...
Generating directory documentation...
Generating dependency graph for directory /home/yunzez/c2rust_testing/tools/frameworks/ptrtrans_rebuild/PtrTrans-C2Rust/Code_Package/dataset/crown_dataset
Generating dependency graph for directory /home/yunzez/c2rust_testing/tools/frameworks/ptrtrans_rebuild/PtrTrans-C2Rust/Code_Package/dataset
Generating dependency graph for directory /home/yunzez/c2rust_testing/tools/frameworks/ptrtrans_rebuild/PtrTrans-C2Rust/Code_Package/dataset/crown_dataset/lil_expanded_dealed
finalizing index lists...
writing tag file...
Generating XML output...
Generating XML output for class __atomic_wide_counter
Generating XML output for class __fsid_t
Generating XML output for class __locale_struct
Generating XML output for class __mbstate_t
Generating XML output for class __once_flag
Generating XML output for class __pthread_cond_s
Generating XML output for class __pthread_internal_list
Generating XML output for class __pthread_internal_slist
Generating XML output for class __pthread_mutex_s
Generating XML output for class __pthread_rwlock_arch_t
Generating XML output for class __sigset_t
Generating XML output for class _expreval_t
Generating XML output for class _G_fpos64_t
Generating XML output for class _G_fpos_t
Generating XML output for class _IO_cookie_io_functions_t
Generating XML output for class _IO_FILE
Generating XML output for class _lil_env_t
Generating XML output for class _lil_func_t
Generating XML output for class _lil_list_t
Generating XML output for class _lil_t
Generating XML output for class _lil_value_t
Generating XML output for class _lil_var_t
Generating XML output for class div_t
Generating XML output for class drand48_data
Generating XML output for class fd_set
Generating XML output for class itimerspec
Generating XML output for class ldiv_t
Generating XML output for class lldiv_t
Generating XML output for class pthread_attr_t
Generating XML output for class pthread_barrier_t
Generating XML output for class pthread_barrierattr_t
Generating XML output for class pthread_cond_t
Generating XML output for class pthread_condattr_t
Generating XML output for class pthread_mutex_t
Generating XML output for class pthread_mutexattr_t
Generating XML output for class pthread_rwlock_t
Generating XML output for class pthread_rwlockattr_t
Generating XML output for class random_data
Generating XML output for class timespec
Generating XML output for class timeval
Generating XML output for class tm
Generating XML output for file lil.c
Generating XML output for file main.c
Generate XML output for dir /home/yunzez/c2rust_testing/tools/frameworks/ptrtrans_rebuild/PtrTrans-C2Rust/Code_Package/
Generate XML output for dir /home/yunzez/c2rust_testing/tools/frameworks/ptrtrans_rebuild/PtrTrans-C2Rust/Code_Package/dataset/crown_dataset/
Generate XML output for dir /home/yunzez/c2rust_testing/tools/frameworks/ptrtrans_rebuild/PtrTrans-C2Rust/Code_Package/dataset/
Generate XML output for dir /home/yunzez/c2rust_testing/tools/frameworks/ptrtrans_rebuild/PtrTrans-C2Rust/Code_Package/dataset/crown_dataset/lil_expanded_dealed/
Running plantuml with JAVA...
Running dot...
type lookup cache used 1642/65536 hits=17503 misses=1704
symbol lookup cache used 3480/65536 hits=16263 misses=3480
finished...
  0%|          | 0/47 [00:00<?, ?it/s] 89%|████████▉ | 42/47 [00:01<00:00, 34.34it/s]WARNING:utils.doxygen_extractor:Warning: file bodyfile != current_file for main_8c_1a960796558ab406d8ee7ac0c35309151b
WARNING:utils.doxygen_extractor:Warning: file bodyfile != current_file for main_8c_1a4413b576f200de1978df307c297ac865
WARNING:utils.doxygen_extractor:Warning: file bodyfile != current_file for main_8c_1a6a5dad77082c7117cef64130108fe7ea
WARNING:utils.doxygen_extractor:Warning: file bodyfile != current_file for main_8c_1ae9c5db59fd46ffa6bd79306861e557ce
WARNING:utils.doxygen_extractor:Warning: file bodyfile != current_file for main_8c_1a720be47b27c6072c8671b12ffede26be
WARNING:utils.doxygen_extractor:Warning: file bodyfile != current_file for main_8c_1a731a77b1fd4d69da1738306a58ed0984
WARNING:utils.doxygen_extractor:Warning: file bodyfile != current_file for main_8c_1aa6d123de07232fb20e52b52221421b9d
WARNING:utils.doxygen_extractor:Warning: file bodyfile != current_file for main_8c_1ab4a3bebaf9d74adaf2ab20d1b1539b93
WARNING:utils.doxygen_extractor:Warning: file bodyfile != current_file for main_8c_1a21ad2aff57481c16b1912fc3c129f1ee
WARNING:utils.doxygen_extractor:Warning: file bodyfile != current_file for main_8c_1a589565629491f3cc657e87f5191e03c1
WARNING:utils.doxygen_extractor:Warning: file bodyfile != current_file for main_8c_1af2e4786499ce27278fdc8fd3ed1aa9d1
WARNING:utils.doxygen_extractor:Warning: file bodyfile != current_file for main_8c_1a7e974c2d07a4f88ed70912b9b40d065b
WARNING:utils.doxygen_extractor:Warning: file bodyfile != current_file for main_8c_1a7d5f5c728ae4ae32d3193d3843d7f942
WARNING:utils.doxygen_extractor:Warning: file bodyfile != current_file for main_8c_1ae08242e121860becc37bea6fb829fec6
WARNING:utils.doxygen_extractor:Warning: file bodyfile != current_file for main_8c_1a5b2e413906935d4098b00c42f93e4809
WARNING:utils.doxygen_extractor:Warning: file bodyfile != current_file for main_8c_1a80a4ced477ff435fe8ff2f4464794fcf
WARNING:utils.doxygen_extractor:Warning: file bodyfile != current_file for main_8c_1a6a837cbe86fdd89f0982bb9ae695636d
WARNING:utils.doxygen_extractor:Warning: file bodyfile != current_file for main_8c_1a253f97a181c8838961f71f28dce6ef70
WARNING:utils.doxygen_extractor:Warning: file bodyfile != current_file for main_8c_1a856d5e0633bca6e2999b2ea8b65cf10b
WARNING:utils.doxygen_extractor:Warning: file bodyfile != current_file for main_8c_1a9e559a371d395f887846955a0c720a0b
WARNING:utils.doxygen_extractor:Warning: file bodyfile != current_file for main_8c_1abc5c1e0f7b4cb5d6483d144e30434f9a
WARNING:utils.doxygen_extractor:Warning: file bodyfile != current_file for main_8c_1a6febebb0b225c5ec1f2e53001fed0015
WARNING:utils.doxygen_extractor:Warning: file bodyfile != current_file for main_8c_1ae370da91546e2ca588a2e63d11d98371
WARNING:utils.doxygen_extractor:Warning: file bodyfile != current_file for main_8c_1aeb1761e553ebb4a860a21677a030397d
WARNING:utils.doxygen_extractor:Warning: file bodyfile != current_file for main_8c_1a49dadee393323abd087a2bbe58600e05
WARNING:utils.doxygen_extractor:Warning: file bodyfile != current_file for main_8c_1a474242e4ee510528bcac2651f1d705e4
WARNING:utils.doxygen_extractor:Warning: file bodyfile != current_file for main_8c_1a4797f5fbc38626ec91d7affa797b6deb
WARNING:utils.doxygen_extractor:Warning: file bodyfile != current_file for main_8c_1a8c7fc9b457d541471665a510c67e6bda
WARNING:utils.doxygen_extractor:Warning: file bodyfile != current_file for main_8c_1a5f2ec9b64498d325cc08850f78bff383
WARNING:utils.doxygen_extractor:Warning: file bodyfile != current_file for main_8c_1a659bb7cd7102e2074a6261aa57ba9a16
WARNING:utils.doxygen_extractor:Warning: file bodyfile != current_file for main_8c_1ae65bbf30fa1f4b51e2b35bd0a9b114c4
WARNING:utils.doxygen_extractor:Warning: file bodyfile != current_file for main_8c_1ac439ac57911329fa18b88262765fcf11
WARNING:utils.doxygen_extractor:Warning: file bodyfile != current_file for main_8c_1a2d85fc06bd7a4630eb123e1e2b9845e4
WARNING:utils.doxygen_extractor:Warning: file bodyfile != current_file for main_8c_1af927dc94700b395f5eb630e9c1bda23c
WARNING:utils.doxygen_extractor:Warning: file bodyfile != current_file for main_8c_1adef5ebab75afbbc577bc0fccdff7e22f
WARNING:utils.doxygen_extractor:Warning: file bodyfile != current_file for main_8c_1a73c8ab2b0074c0543b4d8611976d06d1
WARNING:utils.doxygen_extractor:Warning: file bodyfile != current_file for main_8c_1a9d6c252ddbe4f7c075b0eda3c07bbab7
WARNING:utils.doxygen_extractor:Warning: file bodyfile != current_file for main_8c_1ad7fbc1ce9d059319cf3a115787231a34
WARNING:utils.doxygen_extractor:Warning: file bodyfile != current_file for main_8c_1ad814daf9aa257980be2277e23b16a48d
WARNING:utils.doxygen_extractor:Warning: file bodyfile != current_file for main_8c_1a808f55cfb86db0918a54b1e758003b5b
WARNING:utils.doxygen_extractor:Warning: file bodyfile != current_file for main_8c_1a331ce3ceb849a7c70b6eedd4b927cf33
 98%|█████████▊| 46/47 [00:01<00:00, 28.40it/s]100%|██████████| 47/47 [00:01<00:00, 30.46it/s]
INFO:utils.doxygen_extractor:Successfully parsed index.xml. Found 1055 entities, saved to lil_expanded_dealed_entities.json
Entity will be removed - file: /home/yunzez/c2rust_testing/tools/frameworks/ptrtrans_rebuild/PtrTrans-C2Rust/Code_Package/dataset/crown_dataset/lil_expanded_dealed/lil.c
  Parent entity: __pthread_internal_list (id: struct____pthread__internal__list#struct____pthread__internal__list_1a2e90cc97076b0ecaa46cca1dd6af5220#struct____pthread__internal__list_1af435e8fbe0dd4cfa2d3eee2465e29dad, line: 335-338)
  Removed entity: __pthread_list_t (id: lil_8c_1a90800f0ac21d9da11992b65fd93815fc, line: 338-338)
Entity will be removed - file: /home/yunzez/c2rust_testing/tools/frameworks/ptrtrans_rebuild/PtrTrans-C2Rust/Code_Package/dataset/crown_dataset/lil_expanded_dealed/lil.c
  Parent entity: __pthread_internal_slist (id: struct____pthread__internal__slist#struct____pthread__internal__slist_1a8c70600249b24758d13c2cd064204df7, line: 340-342)
  Removed entity: __pthread_slist_t (id: lil_8c_1ab8a467926aea9ba1d4311eb11a9cc1e2, line: 342-342)
Entity will be removed - file: /home/yunzez/c2rust_testing/tools/frameworks/ptrtrans_rebuild/PtrTrans-C2Rust/Code_Package/dataset/crown_dataset/lil_expanded_dealed/lil.c
  Parent entity: _expreval_t (id: struct__expreval__t#struct__expreval__t_1ad6d8ed211f93977c5585100fdd212d50#struct__expreval__t_1a9a707ffa8a1fd3ebffa7c4470dc76bcb#struct__expreval__t_1a735225330b7e1f97c2b6a53f96fdee32#struct__expreval__t_1a6dea14d888d78932ca966a93e4d1fc5a#struct__expreval__t_1a5c899e8d5f894f86a56c455884f4e960#struct__expreval__t_1a71b0e99a50097293205d039e808416a6#struct__expreval__t_1a1a61842b6430f212c308289ef8f25006, line: 1840-1847)
  Removed entity: expreval_t (id: lil_8c_1a1d9f6299a5e0cf2d3aec369aa54d58f6, line: 1847-1847)
Entity will be removed - file: /home/yunzez/c2rust_testing/tools/frameworks/ptrtrans_rebuild/PtrTrans-C2Rust/Code_Package/dataset/crown_dataset/lil_expanded_dealed/lil.c
  Parent entity: _G_fpos64_t (id: struct__G__fpos64__t#struct__G__fpos64__t_1a5e289da2680acfd68c15e8f96524a091#struct__G__fpos64__t_1ac06ed638762dc499046cf91403aa58bb, line: 653-656)
  Removed entity: __fpos64_t (id: lil_8c_1a23daff2310b869be43403bb53d22aa50, line: 656-656)
Entity will be removed - file: /home/yunzez/c2rust_testing/tools/frameworks/ptrtrans_rebuild/PtrTrans-C2Rust/Code_Package/dataset/crown_dataset/lil_expanded_dealed/lil.c
  Parent entity: _G_fpos_t (id: struct__G__fpos__t#struct__G__fpos__t_1a1f3f051dff02b13553766b90e703ac1a#struct__G__fpos__t_1a7bedfe55beff20f064b4cefa4f65e81d, line: 648-651)
  Removed entity: __fpos_t (id: lil_8c_1ac317bd1c7e67036e8a2db38b80d8b64d, line: 651-651)
Entity will be removed - file: /home/yunzez/c2rust_testing/tools/frameworks/ptrtrans_rebuild/PtrTrans-C2Rust/Code_Package/dataset/crown_dataset/lil_expanded_dealed/lil.c
  Parent entity: _IO_cookie_io_functions_t (id: struct__IO__cookie__io__functions__t#struct__IO__cookie__io__functions__t_1a4c643c3918817d956673bbd4b73bed65#struct__IO__cookie__io__functions__t_1a9f4b927d0dd4458e137c4902c78ce481#struct__IO__cookie__io__functions__t_1af57e6c39682fa0ab80571444636e411e#struct__IO__cookie__io__functions__t_1ae5f88b4f11aaadfe47040913c4ce04c1, line: 719-724)
  Removed entity: cookie_io_functions_t (id: lil_8c_1a018ec29cb909ce1676dcccf10b50ff09, line: 724-724)
Processing Relationships:   0%|          | 0/1055 [00:00<?, ?it/s]Processing Relationships:   1%|          | 12/1055 [00:23<33:45,  1.94s/it]Processing Relationships:   2%|▏         | 17/1055 [00:29<29:36,  1.71s/it]Processing Relationships:   2%|▏         | 18/1055 [00:33<33:07,  1.92s/it]Processing Relationships:   2%|▏         | 19/1055 [00:38<39:35,  2.29s/it]Processing Relationships:   2%|▏         | 20/1055 [01:04<1:39:57,  5.79s/it]Processing Relationships:   2%|▏         | 21/1055 [01:08<1:34:48,  5.50s/it]Processing Relationships:   2%|▏         | 22/1055 [01:11<1:23:44,  4.86s/it]Processing Relationships:   4%|▍         | 42/1055 [01:11<12:26,  1.36it/s]  Processing Relationships:   4%|▍         | 46/1055 [01:12<10:40,  1.57it/s]Processing Relationships:   5%|▍         | 49/1055 [01:12<09:25,  1.78it/s]Processing Relationships:   5%|▍         | 51/1055 [01:13<08:39,  1.93it/s]Processing Relationships:   5%|▌         | 53/1055 [01:13<07:47,  2.14it/s]Processing Relationships:   5%|▌         | 55/1055 [01:14<07:06,  2.34it/s]Processing Relationships:   5%|▌         | 56/1055 [01:14<06:54,  2.41it/s]Processing Relationships:   5%|▌         | 57/1055 [01:14<06:25,  2.59it/s]Processing Relationships:   5%|▌         | 58/1055 [01:15<05:54,  2.81it/s]Processing Relationships:   6%|▌         | 59/1055 [01:15<05:40,  2.92it/s]Processing Relationships:   6%|▌         | 60/1055 [01:15<05:07,  3.24it/s]Processing Relationships:   6%|▌         | 61/1055 [01:15<04:38,  3.58it/s]Processing Relationships:   6%|▌         | 62/1055 [01:16<04:34,  3.61it/s]Processing Relationships:   6%|▌         | 63/1055 [01:16<04:12,  3.93it/s]Processing Relationships:   6%|▌         | 64/1055 [01:16<04:21,  3.79it/s]Processing Relationships:   6%|▌         | 65/1055 [01:16<04:02,  4.09it/s]Processing Relationships:   6%|▋         | 66/1055 [01:16<03:46,  4.37it/s]Processing Relationships:   6%|▋         | 67/1055 [01:17<04:02,  4.07it/s]Processing Relationships:   6%|▋         | 68/1055 [01:17<03:47,  4.35it/s]Processing Relationships:   7%|▋         | 69/1055 [01:17<04:06,  4.00it/s]Processing Relationships:   7%|▋         | 70/1055 [01:17<03:51,  4.25it/s]Processing Relationships:   7%|▋         | 71/1055 [01:18<03:39,  4.48it/s]Processing Relationships:   7%|▋         | 72/1055 [01:18<03:52,  4.23it/s]Processing Relationships:   7%|▋         | 73/1055 [01:18<03:24,  4.81it/s]Processing Relationships:   7%|▋         | 74/1055 [01:18<03:04,  5.32it/s]Processing Relationships:   7%|▋         | 75/1055 [01:18<03:21,  4.87it/s]Processing Relationships:   7%|▋         | 76/1055 [01:19<03:18,  4.93it/s]Processing Relationships:   7%|▋         | 77/1055 [01:19<03:46,  4.33it/s]Processing Relationships:   7%|▋         | 78/1055 [01:19<03:36,  4.52it/s]Processing Relationships:   7%|▋         | 79/1055 [01:19<03:27,  4.70it/s]Processing Relationships:   8%|▊         | 80/1055 [01:20<03:47,  4.29it/s]Processing Relationships:   8%|▊         | 81/1055 [01:20<03:35,  4.51it/s]Processing Relationships:   8%|▊         | 82/1055 [01:20<03:57,  4.09it/s]Processing Relationships:   8%|▊         | 83/1055 [01:20<03:45,  4.31it/s]Processing Relationships:   8%|▊         | 84/1055 [01:21<03:34,  4.52it/s]Processing Relationships:   8%|▊         | 85/1055 [01:21<03:57,  4.08it/s]Processing Relationships:   8%|▊         | 86/1055 [01:21<03:45,  4.30it/s]Processing Relationships:   8%|▊         | 87/1055 [01:21<03:33,  4.53it/s]Processing Relationships:   8%|▊         | 88/1055 [01:21<03:51,  4.17it/s]Processing Relationships:   8%|▊         | 89/1055 [01:22<03:39,  4.40it/s]Processing Relationships:   9%|▊         | 90/1055 [01:22<04:01,  3.99it/s]Processing Relationships:   9%|▊         | 91/1055 [01:22<03:48,  4.22it/s]Processing Relationships:   9%|▊         | 92/1055 [01:22<03:36,  4.44it/s]Processing Relationships:   9%|▉         | 93/1055 [01:23<03:59,  4.01it/s]Processing Relationships:   9%|▉         | 94/1055 [01:23<03:46,  4.25it/s]Processing Relationships:   9%|▉         | 95/1055 [01:23<03:55,  4.07it/s]Processing Relationships:   9%|▉         | 96/1055 [01:23<03:44,  4.27it/s]Processing Relationships:   9%|▉         | 97/1055 [01:24<03:34,  4.47it/s]Processing Relationships:   9%|▉         | 98/1055 [01:24<03:55,  4.07it/s]Processing Relationships:   9%|▉         | 99/1055 [01:24<03:42,  4.30it/s]Processing Relationships:   9%|▉         | 100/1055 [01:24<03:30,  4.53it/s]Processing Relationships:  10%|▉         | 101/1055 [01:25<03:50,  4.13it/s]Processing Relationships:  10%|▉         | 102/1055 [01:25<03:39,  4.35it/s]Processing Relationships:  10%|▉         | 103/1055 [01:25<04:00,  3.95it/s]Processing Relationships:  10%|▉         | 104/1055 [01:25<03:47,  4.18it/s]Processing Relationships:  10%|▉         | 105/1055 [01:25<03:35,  4.40it/s]Processing Relationships:  10%|█         | 106/1055 [01:26<03:55,  4.03it/s]Processing Relationships:  10%|█         | 107/1055 [01:26<03:42,  4.25it/s]Processing Relationships:  10%|█         | 108/1055 [01:26<03:31,  4.48it/s]Processing Relationships:  10%|█         | 109/1055 [01:26<03:52,  4.07it/s]Processing Relationships:  10%|█         | 110/1055 [01:27<03:41,  4.27it/s]Processing Relationships:  11%|█         | 111/1055 [01:27<04:05,  3.84it/s]Processing Relationships:  11%|█         | 112/1055 [01:27<03:52,  4.06it/s]Processing Relationships:  11%|█         | 113/1055 [01:27<03:40,  4.27it/s]Processing Relationships:  11%|█         | 114/1055 [01:28<03:58,  3.94it/s]Processing Relationships:  11%|█         | 115/1055 [01:28<03:46,  4.14it/s]Processing Relationships:  11%|█         | 116/1055 [01:28<04:07,  3.80it/s]Processing Relationships:  11%|█         | 117/1055 [01:28<03:52,  4.03it/s]Processing Relationships:  11%|█         | 118/1055 [01:29<03:40,  4.26it/s]Processing Relationships:  11%|█▏        | 119/1055 [01:29<04:00,  3.89it/s]Processing Relationships:  11%|█▏        | 120/1055 [01:29<03:45,  4.14it/s]Processing Relationships:  11%|█▏        | 121/1055 [01:29<03:33,  4.37it/s]Processing Relationships:  12%|█▏        | 122/1055 [01:30<03:48,  4.08it/s]Processing Relationships:  12%|█▏        | 123/1055 [01:30<03:36,  4.30it/s]Processing Relationships:  12%|█▏        | 124/1055 [01:30<03:56,  3.94it/s]Processing Relationships:  12%|█▏        | 125/1055 [01:30<03:44,  4.15it/s]Processing Relationships:  12%|█▏        | 126/1055 [01:31<03:32,  4.38it/s]Processing Relationships:  12%|█▏        | 127/1055 [01:31<03:52,  3.99it/s]Processing Relationships:  12%|█▏        | 128/1055 [01:31<03:41,  4.19it/s]Processing Relationships:  12%|█▏        | 129/1055 [01:31<04:05,  3.77it/s]Processing Relationships:  12%|█▏        | 130/1055 [01:32<03:51,  3.99it/s]Processing Relationships:  12%|█▏        | 131/1055 [01:32<03:42,  4.15it/s]Processing Relationships:  13%|█▎        | 132/1055 [01:32<04:02,  3.80it/s]Processing Relationships:  13%|█▎        | 133/1055 [01:32<03:50,  3.99it/s]Processing Relationships:  13%|█▎        | 134/1055 [01:33<03:36,  4.25it/s]Processing Relationships:  13%|█▎        | 135/1055 [01:33<03:55,  3.90it/s]Processing Relationships:  13%|█▎        | 136/1055 [01:33<03:43,  4.12it/s]Processing Relationships:  13%|█▎        | 137/1055 [01:33<04:03,  3.76it/s]Processing Relationships:  13%|█▎        | 138/1055 [01:34<03:34,  4.27it/s]Processing Relationships:  13%|█▎        | 139/1055 [01:34<03:29,  4.38it/s]Processing Relationships:  13%|█▎        | 140/1055 [01:34<03:53,  3.92it/s]Processing Relationships:  13%|█▎        | 141/1055 [01:34<03:42,  4.11it/s]Processing Relationships:  13%|█▎        | 142/1055 [01:35<04:04,  3.73it/s]Processing Relationships:  14%|█▎        | 143/1055 [01:35<03:50,  3.96it/s]Processing Relationships:  14%|█▎        | 144/1055 [01:35<03:38,  4.17it/s]Processing Relationships:  14%|█▎        | 145/1055 [01:35<04:01,  3.76it/s]Processing Relationships:  14%|█▍        | 146/1055 [01:36<03:49,  3.96it/s]Processing Relationships:  14%|█▍        | 147/1055 [01:36<03:38,  4.16it/s]Processing Relationships:  14%|█▍        | 148/1055 [01:36<03:54,  3.87it/s]Processing Relationships:  14%|█▍        | 149/1055 [01:36<03:41,  4.09it/s]Processing Relationships:  14%|█▍        | 150/1055 [01:37<04:02,  3.74it/s]Processing Relationships:  14%|█▍        | 151/1055 [01:37<03:52,  3.89it/s]Processing Relationships:  14%|█▍        | 152/1055 [01:37<03:40,  4.09it/s]Processing Relationships:  15%|█▍        | 153/1055 [01:37<04:00,  3.74it/s]Processing Relationships:  15%|█▍        | 154/1055 [01:38<03:47,  3.96it/s]Processing Relationships:  15%|█▍        | 155/1055 [01:38<04:04,  3.68it/s]Processing Relationships:  15%|█▍        | 156/1055 [01:38<03:38,  4.12it/s]Processing Relationships:  15%|█▍        | 157/1055 [01:38<03:17,  4.55it/s]Processing Relationships:  15%|█▍        | 158/1055 [01:39<03:23,  4.41it/s]Processing Relationships:  15%|█▌        | 159/1055 [01:39<03:07,  4.77it/s]Processing Relationships:  15%|█▌        | 160/1055 [01:39<02:55,  5.11it/s]Processing Relationships:  15%|█▌        | 161/1055 [01:39<03:07,  4.77it/s]Processing Relationships:  15%|█▌        | 162/1055 [01:39<02:58,  5.01it/s]Processing Relationships:  15%|█▌        | 163/1055 [01:40<03:33,  4.17it/s]Processing Relationships:  16%|█▌        | 164/1055 [01:40<03:27,  4.29it/s]Processing Relationships:  16%|█▌        | 165/1055 [01:40<03:21,  4.42it/s]Processing Relationships:  16%|█▌        | 166/1055 [01:40<03:42,  3.99it/s]Processing Relationships:  16%|█▌        | 167/1055 [01:41<03:31,  4.20it/s]Processing Relationships:  16%|█▌        | 168/1055 [01:41<03:35,  4.12it/s]Processing Relationships:  16%|█▌        | 169/1055 [01:41<03:16,  4.52it/s]Processing Relationships:  16%|█▌        | 170/1055 [01:41<03:01,  4.88it/s]Processing Relationships:  16%|█▌        | 171/1055 [01:41<03:12,  4.58it/s]Processing Relationships:  16%|█▋        | 172/1055 [01:42<03:00,  4.90it/s]Processing Relationships:  16%|█▋        | 173/1055 [01:42<02:50,  5.18it/s]Processing Relationships:  16%|█▋        | 174/1055 [01:42<03:01,  4.85it/s]Processing Relationships:  17%|█▋        | 175/1055 [01:42<02:51,  5.13it/s]Processing Relationships:  17%|█▋        | 176/1055 [01:42<03:06,  4.72it/s]Processing Relationships:  17%|█▋        | 177/1055 [01:43<02:55,  5.00it/s]Processing Relationships:  17%|█▋        | 178/1055 [01:43<02:46,  5.27it/s]Processing Relationships:  17%|█▋        | 179/1055 [01:43<02:59,  4.89it/s]Processing Relationships:  17%|█▋        | 180/1055 [01:43<02:48,  5.21it/s]Processing Relationships:  17%|█▋        | 181/1055 [01:43<02:37,  5.54it/s]Processing Relationships:  17%|█▋        | 182/1055 [01:44<03:19,  4.37it/s]Processing Relationships:  17%|█▋        | 183/1055 [01:44<03:21,  4.33it/s]Processing Relationships:  17%|█▋        | 184/1055 [01:44<03:40,  3.95it/s]Processing Relationships:  18%|█▊        | 185/1055 [01:44<03:38,  3.99it/s]Processing Relationships:  18%|█▊        | 186/1055 [01:45<03:32,  4.10it/s]Processing Relationships:  18%|█▊        | 187/1055 [01:45<04:00,  3.61it/s]Processing Relationships:  18%|█▊        | 188/1055 [01:45<03:50,  3.76it/s]Processing Relationships:  18%|█▊        | 189/1055 [01:46<04:19,  3.34it/s]Processing Relationships:  18%|█▊        | 190/1055 [01:46<04:05,  3.52it/s]Processing Relationships:  18%|█▊        | 191/1055 [01:46<03:54,  3.69it/s]Processing Relationships:  18%|█▊        | 192/1055 [01:46<04:14,  3.40it/s]Processing Relationships:  18%|█▊        | 193/1055 [01:47<04:01,  3.57it/s]Processing Relationships:  18%|█▊        | 194/1055 [01:47<03:48,  3.77it/s]Processing Relationships:  18%|█▊        | 195/1055 [01:47<04:01,  3.56it/s]Processing Relationships:  19%|█▊        | 196/1055 [01:48<03:45,  3.81it/s]Processing Relationships:  19%|█▊        | 197/1055 [01:48<04:02,  3.54it/s]Processing Relationships:  19%|█▉        | 198/1055 [01:48<03:45,  3.80it/s]Processing Relationships:  19%|█▉        | 199/1055 [01:48<03:33,  4.01it/s]Processing Relationships:  19%|█▉        | 200/1055 [01:49<03:48,  3.74it/s]Processing Relationships:  19%|█▉        | 201/1055 [01:49<03:34,  3.99it/s]Processing Relationships:  19%|█▉        | 202/1055 [01:49<03:54,  3.64it/s]Processing Relationships:  19%|█▉        | 203/1055 [01:49<03:32,  4.01it/s]Processing Relationships:  19%|█▉        | 204/1055 [01:50<03:23,  4.18it/s]Processing Relationships:  19%|█▉        | 205/1055 [01:50<03:46,  3.76it/s]Processing Relationships:  20%|█▉        | 206/1055 [01:50<03:34,  3.95it/s]Processing Relationships:  20%|█▉        | 207/1055 [01:50<03:25,  4.14it/s]Processing Relationships:  20%|█▉        | 208/1055 [01:51<03:40,  3.84it/s]Processing Relationships:  20%|█▉        | 209/1055 [01:51<03:29,  4.04it/s]Processing Relationships:  20%|█▉        | 210/1055 [01:51<03:49,  3.69it/s]Processing Relationships:  20%|██        | 211/1055 [01:51<03:39,  3.84it/s]Processing Relationships:  20%|██        | 212/1055 [01:52<03:26,  4.09it/s]Processing Relationships:  20%|██        | 213/1055 [01:52<03:36,  3.90it/s]Processing Relationships:  20%|██        | 214/1055 [01:52<03:16,  4.27it/s]Processing Relationships:  20%|██        | 215/1055 [01:52<03:24,  4.12it/s]Processing Relationships:  20%|██        | 216/1055 [01:52<03:07,  4.48it/s]Processing Relationships:  21%|██        | 217/1055 [01:53<02:53,  4.82it/s]Processing Relationships:  21%|██        | 218/1055 [01:53<03:03,  4.56it/s]Processing Relationships:  21%|██        | 219/1055 [01:53<02:52,  4.86it/s]Processing Relationships:  21%|██        | 220/1055 [01:53<02:42,  5.15it/s]Processing Relationships:  21%|██        | 221/1055 [01:54<02:55,  4.76it/s]Processing Relationships:  21%|██        | 222/1055 [01:54<02:44,  5.07it/s]Processing Relationships:  21%|██        | 223/1055 [01:54<02:58,  4.67it/s]Processing Relationships:  21%|██        | 224/1055 [01:54<02:47,  4.97it/s]Processing Relationships:  21%|██▏       | 225/1055 [01:54<02:35,  5.35it/s]Processing Relationships:  21%|██▏       | 226/1055 [01:55<03:01,  4.57it/s]Processing Relationships:  22%|██▏       | 227/1055 [01:55<04:39,  2.97it/s]Processing Relationships:  22%|██▏       | 228/1055 [01:55<04:15,  3.23it/s]Processing Relationships:  22%|██▏       | 229/1055 [01:56<03:57,  3.47it/s]Processing Relationships:  22%|██▏       | 230/1055 [01:57<07:18,  1.88it/s]Processing Relationships:  22%|██▏       | 231/1055 [01:57<06:33,  2.09it/s]Processing Relationships:  22%|██▏       | 232/1055 [01:57<05:33,  2.46it/s]Processing Relationships:  22%|██▏       | 233/1055 [01:58<05:24,  2.53it/s]Processing Relationships:  22%|██▏       | 234/1055 [01:58<04:48,  2.84it/s]Processing Relationships:  22%|██▏       | 235/1055 [01:58<04:20,  3.14it/s]Processing Relationships:  22%|██▏       | 236/1055 [01:59<04:27,  3.06it/s]Processing Relationships:  22%|██▏       | 237/1055 [01:59<04:07,  3.31it/s]Processing Relationships:  23%|██▎       | 238/1055 [01:59<04:23,  3.10it/s]Processing Relationships:  23%|██▎       | 239/1055 [01:59<04:06,  3.32it/s]Processing Relationships:  23%|██▎       | 240/1055 [02:00<03:49,  3.55it/s]Processing Relationships:  23%|██▎       | 241/1055 [02:00<04:09,  3.26it/s]Processing Relationships:  23%|██▎       | 242/1055 [02:00<03:54,  3.47it/s]Processing Relationships:  23%|██▎       | 243/1055 [02:00<03:41,  3.67it/s]Processing Relationships:  23%|██▎       | 244/1055 [02:01<03:58,  3.40it/s]Processing Relationships:  23%|██▎       | 245/1055 [02:01<03:46,  3.58it/s]Processing Relationships:  23%|██▎       | 246/1055 [02:01<04:07,  3.27it/s]Processing Relationships:  23%|██▎       | 247/1055 [02:02<03:53,  3.46it/s]Processing Relationships:  24%|██▎       | 248/1055 [02:02<03:40,  3.66it/s]Processing Relationships:  24%|██▎       | 249/1055 [02:02<04:01,  3.33it/s]Processing Relationships:  24%|██▎       | 250/1055 [02:03<03:47,  3.53it/s]Processing Relationships:  24%|██▍       | 251/1055 [02:03<04:12,  3.19it/s]Processing Relationships:  24%|██▍       | 252/1055 [02:03<03:57,  3.38it/s]Processing Relationships:  24%|██▍       | 253/1055 [02:03<03:44,  3.56it/s]Processing Relationships:  24%|██▍       | 254/1055 [02:04<04:04,  3.28it/s]Processing Relationships:  24%|██▍       | 255/1055 [02:04<03:51,  3.46it/s]Processing Relationships:  24%|██▍       | 256/1055 [02:04<03:33,  3.74it/s]Processing Relationships:  24%|██▍       | 257/1055 [02:05<03:43,  3.58it/s]Processing Relationships:  24%|██▍       | 258/1055 [02:05<04:47,  2.77it/s]Processing Relationships:  25%|██▍       | 259/1055 [02:05<04:21,  3.04it/s]Processing Relationships:  25%|██▍       | 260/1055 [02:06<03:59,  3.32it/s]Processing Relationships:  25%|██▍       | 261/1055 [02:06<04:15,  3.10it/s]Processing Relationships:  25%|██▍       | 262/1055 [02:06<03:58,  3.33it/s]Processing Relationships:  25%|██▍       | 263/1055 [02:06<03:44,  3.53it/s]Processing Relationships:  25%|██▌       | 264/1055 [02:07<03:59,  3.30it/s]Processing Relationships:  25%|██▌       | 265/1055 [02:07<03:46,  3.49it/s]Processing Relationships:  25%|██▌       | 266/1055 [02:07<04:07,  3.19it/s]Processing Relationships:  25%|██▌       | 267/1055 [02:08<03:53,  3.38it/s]Processing Relationships:  25%|██▌       | 268/1055 [02:08<03:38,  3.59it/s]Processing Relationships:  25%|██▌       | 269/1055 [02:08<04:00,  3.27it/s]Processing Relationships:  26%|██▌       | 270/1055 [02:09<03:46,  3.47it/s]Processing Relationships:  26%|██▌       | 271/1055 [02:09<03:34,  3.66it/s]Processing Relationships:  26%|██▌       | 272/1055 [02:09<03:50,  3.39it/s]Processing Relationships:  26%|██▌       | 273/1055 [02:09<03:39,  3.56it/s]Processing Relationships:  26%|██▌       | 274/1055 [02:10<04:00,  3.24it/s]Processing Relationships:  26%|██▌       | 275/1055 [02:10<03:47,  3.42it/s]Processing Relationships:  26%|██▌       | 276/1055 [02:10<03:34,  3.63it/s]Processing Relationships:  26%|██▋       | 277/1055 [02:11<03:55,  3.30it/s]Processing Relationships:  26%|██▋       | 278/1055 [02:11<03:41,  3.51it/s]Processing Relationships:  26%|██▋       | 279/1055 [02:11<04:05,  3.17it/s]Processing Relationships:  27%|██▋       | 280/1055 [02:11<03:52,  3.34it/s]Processing Relationships:  27%|██▋       | 281/1055 [02:12<03:39,  3.52it/s]Processing Relationships:  27%|██▋       | 282/1055 [02:15<14:32,  1.13s/it]Processing Relationships:  27%|██▋       | 283/1055 [02:17<18:52,  1.47s/it]Processing Relationships:  27%|██▋       | 284/1055 [02:19<22:00,  1.71s/it]Processing Relationships:  27%|██▋       | 285/1055 [02:25<37:17,  2.91s/it]Processing Relationships:  27%|██▋       | 286/1055 [02:25<27:04,  2.11s/it]Processing Relationships:  27%|██▋       | 287/1055 [02:26<19:54,  1.56s/it]Processing Relationships:  27%|██▋       | 288/1055 [02:26<15:25,  1.21s/it]Processing Relationships:  27%|██▋       | 289/1055 [02:26<11:47,  1.08it/s]Processing Relationships:  27%|██▋       | 290/1055 [02:26<08:57,  1.42it/s]Processing Relationships:  28%|██▊       | 291/1055 [02:27<07:46,  1.64it/s]Processing Relationships:  28%|██▊       | 292/1055 [02:27<06:24,  1.98it/s]Processing Relationships:  28%|██▊       | 293/1055 [02:27<05:24,  2.34it/s]Processing Relationships:  28%|██▊       | 294/1055 [02:28<05:08,  2.46it/s]Processing Relationships:  28%|██▊       | 295/1055 [02:28<04:35,  2.76it/s]Processing Relationships:  28%|██▊       | 296/1055 [02:28<04:40,  2.70it/s]Processing Relationships:  28%|██▊       | 297/1055 [02:29<04:20,  2.91it/s]Processing Relationships:  28%|██▊       | 298/1055 [02:29<03:57,  3.19it/s]Processing Relationships:  28%|██▊       | 299/1055 [02:29<04:03,  3.10it/s]Processing Relationships:  28%|██▊       | 300/1055 [02:29<03:42,  3.39it/s]Processing Relationships:  29%|██▊       | 301/1055 [02:30<03:25,  3.67it/s]Processing Relationships:  29%|██▊       | 302/1055 [02:30<03:27,  3.63it/s]Processing Relationships:  29%|██▊       | 303/1055 [02:30<03:23,  3.70it/s]Processing Relationships:  29%|██▉       | 304/1055 [02:31<03:50,  3.26it/s]Processing Relationships:  29%|██▉       | 305/1055 [02:31<03:40,  3.40it/s]Processing Relationships:  29%|██▉       | 306/1055 [02:31<03:28,  3.59it/s]Processing Relationships:  29%|██▉       | 307/1055 [02:31<03:40,  3.39it/s]Processing Relationships:  29%|██▉       | 308/1055 [02:32<03:28,  3.57it/s]Processing Relationships:  29%|██▉       | 309/1055 [02:32<03:53,  3.20it/s]Processing Relationships:  29%|██▉       | 310/1055 [02:32<03:30,  3.54it/s]Processing Relationships:  29%|██▉       | 311/1055 [02:33<03:23,  3.66it/s]Processing Relationships:  30%|██▉       | 312/1055 [02:33<03:46,  3.29it/s]Processing Relationships:  30%|██▉       | 313/1055 [02:33<03:35,  3.45it/s]Processing Relationships:  30%|██▉       | 314/1055 [02:33<03:22,  3.66it/s]Processing Relationships:  30%|██▉       | 315/1055 [02:34<03:43,  3.31it/s]Processing Relationships:  30%|██▉       | 316/1055 [02:34<03:31,  3.49it/s]Processing Relationships:  30%|███       | 317/1055 [02:34<03:57,  3.11it/s]Processing Relationships:  30%|███       | 318/1055 [02:35<03:43,  3.30it/s]Processing Relationships:  30%|███       | 319/1055 [02:35<03:31,  3.49it/s]Processing Relationships:  30%|███       | 320/1055 [02:35<03:48,  3.22it/s]Processing Relationships:  30%|███       | 321/1055 [02:36<03:37,  3.38it/s]Processing Relationships:  31%|███       | 322/1055 [02:36<03:58,  3.07it/s]Processing Relationships:  31%|███       | 323/1055 [02:36<03:45,  3.25it/s]Processing Relationships:  31%|███       | 324/1055 [02:36<03:31,  3.46it/s]Processing Relationships:  31%|███       | 325/1055 [02:37<03:50,  3.17it/s]Processing Relationships:  31%|███       | 326/1055 [02:37<03:27,  3.52it/s]Processing Relationships:  31%|███       | 327/1055 [02:37<03:19,  3.65it/s]Processing Relationships:  31%|███       | 328/1055 [02:38<03:39,  3.31it/s]Processing Relationships:  31%|███       | 329/1055 [02:38<03:30,  3.45it/s]Processing Relationships:  31%|███▏      | 330/1055 [02:38<03:54,  3.10it/s]Processing Relationships:  31%|███▏      | 331/1055 [02:39<03:34,  3.37it/s]Processing Relationships:  31%|███▏      | 332/1055 [02:39<03:18,  3.64it/s]Processing Relationships:  32%|███▏      | 333/1055 [02:39<03:30,  3.43it/s]Processing Relationships:  32%|███▏      | 334/1055 [02:39<03:16,  3.67it/s]Processing Relationships:  32%|███▏      | 335/1055 [02:40<03:33,  3.37it/s]Processing Relationships:  32%|███▏      | 336/1055 [02:40<03:19,  3.60it/s]Processing Relationships:  32%|███▏      | 337/1055 [02:40<03:08,  3.80it/s]Processing Relationships:  32%|███▏      | 338/1055 [02:41<06:35,  1.81it/s]Processing Relationships:  32%|███▏      | 339/1055 [02:42<05:28,  2.18it/s]Processing Relationships:  32%|███▏      | 340/1055 [02:42<04:40,  2.55it/s]Processing Relationships:  32%|███▏      | 341/1055 [02:42<04:05,  2.91it/s]Processing Relationships:  32%|███▏      | 342/1055 [02:42<04:03,  2.93it/s]Processing Relationships:  33%|███▎      | 343/1055 [02:43<03:42,  3.21it/s]Processing Relationships:  33%|███▎      | 344/1055 [02:43<03:51,  3.08it/s]Processing Relationships:  33%|███▎      | 345/1055 [02:44<06:46,  1.75it/s]Processing Relationships:  33%|███▎      | 346/1055 [02:44<05:36,  2.11it/s]Processing Relationships:  33%|███▎      | 347/1055 [02:45<04:46,  2.47it/s]Processing Relationships:  33%|███▎      | 348/1055 [02:45<04:07,  2.86it/s]Processing Relationships:  33%|███▎      | 349/1055 [02:45<04:06,  2.87it/s]Processing Relationships:  33%|███▎      | 350/1055 [02:45<03:41,  3.18it/s]Processing Relationships:  33%|███▎      | 351/1055 [02:46<03:53,  3.02it/s]Processing Relationships:  33%|███▎      | 352/1055 [02:46<03:33,  3.29it/s]Processing Relationships:  33%|███▎      | 353/1055 [02:46<03:19,  3.52it/s]Processing Relationships:  34%|███▎      | 354/1055 [02:47<03:32,  3.30it/s]Processing Relationships:  34%|███▎      | 355/1055 [02:47<03:19,  3.51it/s]Processing Relationships:  34%|███▎      | 356/1055 [02:48<04:56,  2.36it/s]Processing Relationships:  34%|███▍      | 357/1055 [02:50<09:53,  1.18it/s]Processing Relationships:  34%|███▍      | 358/1055 [02:50<07:44,  1.50it/s]Processing Relationships:  34%|███▍      | 359/1055 [02:50<06:12,  1.87it/s]Processing Relationships:  34%|███▍      | 360/1055 [02:50<05:30,  2.10it/s]Processing Relationships:  34%|███▍      | 361/1055 [02:51<04:41,  2.47it/s]Processing Relationships:  34%|███▍      | 362/1055 [02:51<04:31,  2.55it/s]Processing Relationships:  34%|███▍      | 363/1055 [02:51<04:00,  2.87it/s]Processing Relationships:  35%|███▍      | 364/1055 [02:51<03:35,  3.20it/s]Processing Relationships:  35%|███▍      | 365/1055 [02:52<03:43,  3.08it/s]Processing Relationships:  35%|███▍      | 366/1055 [02:52<03:25,  3.35it/s]Processing Relationships:  35%|███▍      | 367/1055 [02:52<03:10,  3.60it/s]Processing Relationships:  35%|███▍      | 368/1055 [02:53<03:21,  3.41it/s]Processing Relationships:  35%|███▍      | 369/1055 [02:53<03:10,  3.60it/s]Processing Relationships:  35%|███▌      | 370/1055 [02:53<03:25,  3.34it/s]Processing Relationships:  35%|███▌      | 371/1055 [02:53<03:14,  3.52it/s]Processing Relationships:  35%|███▌      | 372/1055 [02:54<03:02,  3.75it/s]Processing Relationships:  35%|███▌      | 373/1055 [02:54<03:18,  3.43it/s]Processing Relationships:  35%|███▌      | 374/1055 [02:54<03:06,  3.65it/s]Processing Relationships:  36%|███▌      | 375/1055 [02:55<03:26,  3.30it/s]Processing Relationships:  36%|███▌      | 376/1055 [02:55<03:14,  3.49it/s]Processing Relationships:  36%|███▌      | 377/1055 [02:55<03:04,  3.67it/s]Processing Relationships:  36%|███▌      | 378/1055 [02:55<03:19,  3.39it/s]Processing Relationships:  36%|███▌      | 379/1055 [02:56<03:09,  3.57it/s]Processing Relationships:  36%|███▌      | 380/1055 [02:56<02:58,  3.78it/s]Processing Relationships:  36%|███▌      | 381/1055 [02:56<03:16,  3.43it/s]Processing Relationships:  36%|███▌      | 382/1055 [02:56<03:04,  3.64it/s]Processing Relationships:  36%|███▋      | 383/1055 [02:57<03:23,  3.30it/s]Processing Relationships:  36%|███▋      | 384/1055 [02:57<03:12,  3.49it/s]Processing Relationships:  36%|███▋      | 385/1055 [02:57<03:02,  3.68it/s]Processing Relationships:  37%|███▋      | 386/1055 [02:58<03:18,  3.37it/s]Processing Relationships:  37%|███▋      | 387/1055 [02:58<03:00,  3.71it/s]Processing Relationships:  37%|███▋      | 388/1055 [02:58<03:11,  3.48it/s]Processing Relationships:  37%|███▋      | 389/1055 [02:58<02:55,  3.79it/s]Processing Relationships:  37%|███▋      | 390/1055 [02:59<02:39,  4.18it/s]Processing Relationships:  37%|███▋      | 391/1055 [02:59<02:45,  4.02it/s]Processing Relationships:  37%|███▋      | 392/1055 [02:59<02:32,  4.36it/s]Processing Relationships:  37%|███▋      | 393/1055 [02:59<02:21,  4.68it/s]Processing Relationships:  37%|███▋      | 394/1055 [02:59<02:29,  4.42it/s]Processing Relationships:  37%|███▋      | 395/1055 [03:00<03:52,  2.84it/s]Processing Relationships:  38%|███▊      | 396/1055 [03:01<04:37,  2.37it/s]Processing Relationships:  38%|███▊      | 397/1055 [03:01<04:05,  2.68it/s]Processing Relationships:  38%|███▊      | 398/1055 [03:01<03:42,  2.96it/s]Processing Relationships:  38%|███▊      | 399/1055 [03:02<05:28,  2.00it/s]Processing Relationships:  38%|███▊      | 400/1055 [03:03<06:39,  1.64it/s]Processing Relationships:  38%|███▊      | 401/1055 [03:03<05:53,  1.85it/s]Processing Relationships:  38%|███▊      | 402/1055 [03:04<04:55,  2.21it/s]Processing Relationships:  38%|███▊      | 403/1055 [03:04<04:13,  2.57it/s]Processing Relationships:  38%|███▊      | 404/1055 [03:04<04:03,  2.68it/s]Processing Relationships:  38%|███▊      | 405/1055 [03:04<03:34,  3.02it/s]Processing Relationships:  38%|███▊      | 406/1055 [03:05<03:51,  2.81it/s]Processing Relationships:  39%|███▊      | 407/1055 [03:05<03:36,  3.00it/s]Processing Relationships:  39%|███▊      | 408/1055 [03:05<03:21,  3.21it/s]Processing Relationships:  39%|███▉      | 409/1055 [03:06<03:41,  2.91it/s]Processing Relationships:  39%|███▉      | 410/1055 [03:06<03:27,  3.11it/s]Processing Relationships:  39%|███▉      | 411/1055 [03:06<03:16,  3.28it/s]Processing Relationships:  39%|███▉      | 412/1055 [03:07<03:31,  3.04it/s]Processing Relationships:  39%|███▉      | 413/1055 [03:07<03:21,  3.19it/s]Processing Relationships:  39%|███▉      | 414/1055 [03:07<03:39,  2.92it/s]Processing Relationships:  39%|███▉      | 415/1055 [03:08<03:27,  3.09it/s]Processing Relationships:  39%|███▉      | 416/1055 [03:08<03:09,  3.37it/s]Processing Relationships:  40%|███▉      | 417/1055 [03:08<03:06,  3.42it/s]Processing Relationships:  40%|███▉      | 418/1055 [03:08<02:45,  3.85it/s]Processing Relationships:  40%|███▉      | 419/1055 [03:09<02:55,  3.63it/s]Processing Relationships:  40%|███▉      | 420/1055 [03:09<02:56,  3.60it/s]Processing Relationships:  40%|███▉      | 421/1055 [03:09<02:56,  3.59it/s]Processing Relationships:  40%|████      | 422/1055 [03:10<03:24,  3.10it/s]Processing Relationships:  40%|████      | 423/1055 [03:12<09:23,  1.12it/s]Processing Relationships:  40%|████      | 424/1055 [03:12<07:52,  1.34it/s]Processing Relationships:  40%|████      | 425/1055 [03:13<06:10,  1.70it/s]Processing Relationships:  40%|████      | 426/1055 [03:13<04:53,  2.14it/s]Processing Relationships:  40%|████      | 427/1055 [03:13<04:16,  2.45it/s]Processing Relationships:  41%|████      | 428/1055 [03:13<03:34,  2.93it/s]Processing Relationships:  41%|████      | 429/1055 [03:13<03:03,  3.41it/s]Processing Relationships:  41%|████      | 430/1055 [03:14<02:56,  3.53it/s]Processing Relationships:  41%|████      | 431/1055 [03:14<02:38,  3.94it/s]Processing Relationships:  41%|████      | 432/1055 [03:14<02:41,  3.86it/s]Processing Relationships:  41%|████      | 433/1055 [03:14<02:28,  4.19it/s]Processing Relationships:  41%|████      | 434/1055 [03:14<02:24,  4.31it/s]Processing Relationships:  41%|████      | 435/1055 [03:18<12:53,  1.25s/it]Processing Relationships:  41%|████▏     | 436/1055 [03:18<09:40,  1.07it/s]Processing Relationships:  41%|████▏     | 437/1055 [03:19<07:37,  1.35it/s]Processing Relationships:  42%|████▏     | 438/1055 [03:19<06:02,  1.70it/s]Processing Relationships:  42%|████▏     | 439/1055 [03:19<05:20,  1.92it/s]Processing Relationships:  42%|████▏     | 440/1055 [03:19<04:32,  2.26it/s]Processing Relationships:  42%|████▏     | 441/1055 [03:20<04:29,  2.27it/s]Processing Relationships:  42%|████▏     | 442/1055 [03:20<03:59,  2.56it/s]Processing Relationships:  42%|████▏     | 443/1055 [03:21<05:43,  1.78it/s]Processing Relationships:  42%|████▏     | 444/1055 [03:21<04:46,  2.13it/s]Processing Relationships:  42%|████▏     | 445/1055 [03:22<04:16,  2.38it/s]Processing Relationships:  42%|████▏     | 446/1055 [03:22<03:48,  2.67it/s]Processing Relationships:  42%|████▏     | 447/1055 [03:22<04:00,  2.53it/s]Processing Relationships:  42%|████▏     | 448/1055 [03:23<03:40,  2.76it/s]Processing Relationships:  43%|████▎     | 449/1055 [03:24<05:24,  1.87it/s]Processing Relationships:  43%|████▎     | 450/1055 [03:24<04:29,  2.25it/s]Processing Relationships:  43%|████▎     | 451/1055 [03:24<04:16,  2.36it/s]Processing Relationships:  43%|████▎     | 452/1055 [03:24<03:43,  2.70it/s]Processing Relationships:  43%|████▎     | 453/1055 [03:25<03:20,  3.01it/s]Processing Relationships:  43%|████▎     | 454/1055 [03:25<03:23,  2.95it/s]Processing Relationships:  43%|████▎     | 455/1055 [03:25<03:07,  3.20it/s]Processing Relationships:  43%|████▎     | 456/1055 [03:26<03:20,  2.99it/s]Processing Relationships:  43%|████▎     | 457/1055 [03:30<15:01,  1.51s/it]Processing Relationships:  43%|████▎     | 458/1055 [03:30<11:18,  1.14s/it]Processing Relationships:  44%|████▎     | 459/1055 [03:30<08:40,  1.15it/s]Processing Relationships:  44%|████▎     | 460/1055 [03:31<07:12,  1.37it/s]Processing Relationships:  44%|████▎     | 461/1055 [03:31<05:49,  1.70it/s]Processing Relationships:  44%|████▍     | 462/1055 [03:31<04:47,  2.06it/s]Processing Relationships:  44%|████▍     | 463/1055 [03:32<04:30,  2.19it/s]Processing Relationships:  44%|████▍     | 464/1055 [03:32<03:53,  2.53it/s]Processing Relationships:  44%|████▍     | 465/1055 [03:34<08:50,  1.11it/s]Processing Relationships:  44%|████▍     | 466/1055 [03:34<06:56,  1.41it/s]Processing Relationships:  44%|████▍     | 467/1055 [03:35<05:36,  1.75it/s]Processing Relationships:  44%|████▍     | 468/1055 [03:35<05:01,  1.95it/s]Processing Relationships:  44%|████▍     | 469/1055 [03:35<04:18,  2.27it/s]Processing Relationships:  45%|████▍     | 470/1055 [03:35<03:32,  2.76it/s]Processing Relationships:  45%|████▍     | 471/1055 [03:36<03:34,  2.72it/s]Processing Relationships:  45%|████▍     | 472/1055 [03:36<03:13,  3.01it/s]Processing Relationships:  45%|████▍     | 473/1055 [03:36<03:24,  2.84it/s]Processing Relationships:  45%|████▍     | 474/1055 [03:37<03:08,  3.07it/s]Processing Relationships:  45%|████▌     | 475/1055 [03:37<02:57,  3.26it/s]Processing Relationships:  45%|████▌     | 476/1055 [03:37<03:03,  3.16it/s]Processing Relationships:  45%|████▌     | 477/1055 [03:38<02:54,  3.31it/s]Processing Relationships:  45%|████▌     | 478/1055 [03:38<02:43,  3.53it/s]Processing Relationships:  45%|████▌     | 479/1055 [03:38<03:02,  3.15it/s]Processing Relationships:  45%|████▌     | 480/1055 [03:38<02:52,  3.34it/s]Processing Relationships:  46%|████▌     | 481/1055 [03:39<03:11,  3.00it/s]Processing Relationships:  46%|████▌     | 482/1055 [03:39<02:58,  3.21it/s]Processing Relationships:  46%|████▌     | 483/1055 [03:43<13:48,  1.45s/it]Processing Relationships:  46%|████▌     | 484/1055 [03:44<10:47,  1.13s/it]Processing Relationships:  46%|████▌     | 485/1055 [03:44<08:20,  1.14it/s]Processing Relationships:  46%|████▌     | 486/1055 [03:44<06:32,  1.45it/s]Processing Relationships:  46%|████▌     | 487/1055 [03:45<05:42,  1.66it/s]Processing Relationships:  46%|████▋     | 488/1055 [03:45<04:43,  2.00it/s]Processing Relationships:  46%|████▋     | 489/1055 [03:45<04:31,  2.08it/s]Processing Relationships:  46%|████▋     | 490/1055 [03:46<03:56,  2.39it/s]Processing Relationships:  47%|████▋     | 491/1055 [03:46<03:30,  2.68it/s]Processing Relationships:  47%|████▋     | 492/1055 [03:46<03:32,  2.64it/s]Processing Relationships:  47%|████▋     | 493/1055 [03:46<03:15,  2.87it/s]Processing Relationships:  47%|████▋     | 494/1055 [03:47<02:58,  3.15it/s]Processing Relationships:  47%|████▋     | 495/1055 [03:47<03:12,  2.92it/s]Processing Relationships:  47%|████▋     | 496/1055 [03:47<02:57,  3.15it/s]Processing Relationships:  47%|████▋     | 497/1055 [03:48<03:14,  2.87it/s]Processing Relationships:  47%|████▋     | 498/1055 [03:48<03:01,  3.08it/s]Processing Relationships:  47%|████▋     | 499/1055 [03:48<02:50,  3.26it/s]Processing Relationships:  47%|████▋     | 500/1055 [03:49<03:03,  3.02it/s]Processing Relationships:  47%|████▋     | 501/1055 [03:49<02:54,  3.18it/s]Processing Relationships:  48%|████▊     | 502/1055 [03:49<03:10,  2.90it/s]Processing Relationships:  48%|████▊     | 503/1055 [03:50<03:00,  3.05it/s]Processing Relationships:  48%|████▊     | 504/1055 [03:50<02:49,  3.26it/s]Processing Relationships:  48%|████▊     | 505/1055 [03:50<02:52,  3.19it/s]Processing Relationships:  48%|████▊     | 506/1055 [03:51<02:44,  3.33it/s]Processing Relationships:  48%|████▊     | 507/1055 [03:51<02:38,  3.46it/s]Processing Relationships:  48%|████▊     | 508/1055 [03:51<02:52,  3.17it/s]Processing Relationships:  48%|████▊     | 509/1055 [03:51<02:45,  3.29it/s]Processing Relationships:  48%|████▊     | 510/1055 [03:52<03:02,  2.98it/s]Processing Relationships:  48%|████▊     | 511/1055 [03:52<02:54,  3.11it/s]Processing Relationships:  49%|████▊     | 512/1055 [03:52<02:43,  3.33it/s]Processing Relationships:  49%|████▊     | 513/1055 [03:53<03:00,  3.00it/s]Processing Relationships:  49%|████▊     | 514/1055 [03:53<02:49,  3.19it/s]Processing Relationships:  49%|████▉     | 515/1055 [03:54<03:09,  2.86it/s]Processing Relationships:  49%|████▉     | 516/1055 [03:54<02:57,  3.04it/s]Processing Relationships:  49%|████▉     | 517/1055 [03:54<02:48,  3.20it/s]Processing Relationships:  49%|████▉     | 518/1055 [03:54<02:42,  3.30it/s]Processing Relationships:  49%|████▉     | 519/1055 [03:55<02:24,  3.71it/s]Processing Relationships:  49%|████▉     | 520/1055 [03:55<02:21,  3.79it/s]Processing Relationships:  49%|████▉     | 521/1055 [03:55<02:44,  3.25it/s]Processing Relationships:  49%|████▉     | 522/1055 [03:55<02:37,  3.39it/s]Processing Relationships:  50%|████▉     | 523/1055 [03:56<02:57,  2.99it/s]Processing Relationships:  50%|████▉     | 524/1055 [03:56<02:47,  3.16it/s]Processing Relationships:  50%|████▉     | 525/1055 [03:56<02:39,  3.32it/s]Processing Relationships:  50%|████▉     | 526/1055 [03:57<02:53,  3.04it/s]Processing Relationships:  50%|████▉     | 527/1055 [03:57<02:45,  3.18it/s]Processing Relationships:  50%|█████     | 528/1055 [03:58<03:03,  2.87it/s]Processing Relationships:  50%|█████     | 529/1055 [03:58<02:54,  3.01it/s]Processing Relationships:  50%|█████     | 530/1055 [03:58<02:42,  3.22it/s]Processing Relationships:  50%|█████     | 531/1055 [03:59<03:00,  2.90it/s]Processing Relationships:  50%|█████     | 532/1055 [03:59<02:49,  3.09it/s]Processing Relationships:  51%|█████     | 533/1055 [03:59<02:39,  3.27it/s]Processing Relationships:  51%|█████     | 534/1055 [03:59<02:51,  3.03it/s]Processing Relationships:  51%|█████     | 535/1055 [04:00<02:43,  3.19it/s]Processing Relationships:  51%|█████     | 536/1055 [04:00<02:58,  2.90it/s]Processing Relationships:  51%|█████     | 537/1055 [04:00<02:49,  3.05it/s]Processing Relationships:  51%|█████     | 538/1055 [04:01<02:36,  3.30it/s]Processing Relationships:  51%|█████     | 539/1055 [04:01<02:44,  3.13it/s]Processing Relationships:  51%|█████     | 540/1055 [04:01<02:36,  3.28it/s]Processing Relationships:  51%|█████▏    | 541/1055 [04:02<02:57,  2.89it/s]Processing Relationships:  51%|█████▏    | 542/1055 [04:02<02:47,  3.07it/s]Processing Relationships:  51%|█████▏    | 543/1055 [04:02<02:38,  3.23it/s]Processing Relationships:  52%|█████▏    | 544/1055 [04:03<02:54,  2.93it/s]Processing Relationships:  52%|█████▏    | 545/1055 [04:03<02:45,  3.08it/s]Processing Relationships:  52%|█████▏    | 546/1055 [04:03<02:34,  3.30it/s]Processing Relationships:  52%|█████▏    | 547/1055 [04:04<02:49,  2.99it/s]Processing Relationships:  52%|█████▏    | 548/1055 [04:04<02:38,  3.19it/s]Processing Relationships:  52%|█████▏    | 549/1055 [04:04<02:56,  2.86it/s]Processing Relationships:  52%|█████▏    | 550/1055 [04:05<02:45,  3.05it/s]Processing Relationships:  52%|█████▏    | 551/1055 [04:05<02:35,  3.23it/s]Processing Relationships:  52%|█████▏    | 552/1055 [04:05<02:48,  2.98it/s]Processing Relationships:  52%|█████▏    | 553/1055 [04:06<02:40,  3.13it/s]Processing Relationships:  53%|█████▎    | 554/1055 [04:06<02:28,  3.36it/s]Processing Relationships:  53%|█████▎    | 555/1055 [04:06<02:43,  3.05it/s]Processing Relationships:  53%|█████▎    | 556/1055 [04:06<02:33,  3.25it/s]Processing Relationships:  53%|█████▎    | 557/1055 [04:07<04:15,  1.95it/s]Processing Relationships:  53%|█████▎    | 558/1055 [04:08<04:00,  2.07it/s]Processing Relationships:  53%|█████▎    | 559/1055 [04:08<03:30,  2.35it/s]Processing Relationships:  53%|█████▎    | 560/1055 [04:08<03:04,  2.68it/s]Processing Relationships:  53%|█████▎    | 561/1055 [04:09<03:10,  2.60it/s]Processing Relationships:  53%|█████▎    | 562/1055 [04:09<02:52,  2.85it/s]Processing Relationships:  53%|█████▎    | 563/1055 [04:10<03:11,  2.57it/s]Processing Relationships:  53%|█████▎    | 564/1055 [04:10<02:54,  2.81it/s]Processing Relationships:  54%|█████▎    | 565/1055 [04:10<02:39,  3.07it/s]Processing Relationships:  54%|█████▎    | 566/1055 [04:11<02:47,  2.92it/s]Processing Relationships:  54%|█████▎    | 567/1055 [04:11<02:35,  3.13it/s]Processing Relationships:  54%|█████▍    | 568/1055 [04:11<02:25,  3.34it/s]Processing Relationships:  54%|█████▍    | 569/1055 [04:11<02:26,  3.32it/s]Processing Relationships:  54%|█████▍    | 570/1055 [04:12<02:13,  3.64it/s]Processing Relationships:  54%|█████▍    | 571/1055 [04:12<02:16,  3.54it/s]Processing Relationships:  54%|█████▍    | 572/1055 [04:12<02:03,  3.93it/s]Processing Relationships:  54%|█████▍    | 573/1055 [04:12<01:52,  4.29it/s]Processing Relationships:  54%|█████▍    | 574/1055 [04:12<01:57,  4.11it/s]Processing Relationships:  55%|█████▍    | 575/1055 [04:13<01:48,  4.41it/s]Processing Relationships:  55%|█████▍    | 576/1055 [04:13<02:17,  3.49it/s]Processing Relationships:  55%|█████▍    | 577/1055 [04:13<02:18,  3.46it/s]Processing Relationships:  55%|█████▍    | 578/1055 [04:14<02:14,  3.55it/s]Processing Relationships:  55%|█████▍    | 579/1055 [04:14<02:36,  3.05it/s]Processing Relationships:  55%|█████▍    | 580/1055 [04:14<02:27,  3.21it/s]Processing Relationships:  55%|█████▌    | 581/1055 [04:15<02:21,  3.35it/s]Processing Relationships:  55%|█████▌    | 582/1055 [04:15<02:34,  3.06it/s]Processing Relationships:  55%|█████▌    | 583/1055 [04:15<02:28,  3.19it/s]Processing Relationships:  55%|█████▌    | 584/1055 [04:16<02:43,  2.87it/s]Processing Relationships:  55%|█████▌    | 585/1055 [04:16<02:35,  3.02it/s]Processing Relationships:  56%|█████▌    | 586/1055 [04:16<02:25,  3.22it/s]Processing Relationships:  56%|█████▌    | 587/1055 [04:17<02:42,  2.88it/s]Processing Relationships:  56%|█████▌    | 588/1055 [04:17<02:31,  3.07it/s]Processing Relationships:  56%|█████▌    | 589/1055 [04:17<02:49,  2.75it/s]Processing Relationships:  56%|█████▌    | 590/1055 [04:18<02:39,  2.92it/s]Processing Relationships:  56%|█████▌    | 591/1055 [04:18<02:29,  3.10it/s]Processing Relationships:  56%|█████▌    | 592/1055 [04:18<02:42,  2.84it/s]Processing Relationships:  56%|█████▌    | 593/1055 [04:19<02:34,  3.00it/s]Processing Relationships:  56%|█████▋    | 594/1055 [04:19<02:23,  3.21it/s]Processing Relationships:  56%|█████▋    | 595/1055 [04:19<02:36,  2.94it/s]Processing Relationships:  56%|█████▋    | 596/1055 [04:20<02:26,  3.14it/s]Processing Relationships:  57%|█████▋    | 597/1055 [04:20<02:37,  2.90it/s]Processing Relationships:  57%|█████▋    | 598/1055 [04:20<02:25,  3.15it/s]Processing Relationships:  57%|█████▋    | 599/1055 [04:21<02:15,  3.36it/s]Processing Relationships:  57%|█████▋    | 600/1055 [04:21<02:29,  3.05it/s]Processing Relationships:  57%|█████▋    | 601/1055 [04:21<02:19,  3.26it/s]Processing Relationships:  57%|█████▋    | 602/1055 [04:21<02:09,  3.51it/s]Processing Relationships:  57%|█████▋    | 603/1055 [04:22<02:12,  3.41it/s]Processing Relationships:  57%|█████▋    | 604/1055 [04:22<02:06,  3.57it/s]Processing Relationships:  57%|█████▋    | 605/1055 [04:22<02:21,  3.18it/s]Processing Relationships:  57%|█████▋    | 606/1055 [04:23<02:14,  3.35it/s]Processing Relationships:  58%|█████▊    | 607/1055 [04:23<02:07,  3.52it/s]Processing Relationships:  58%|█████▊    | 608/1055 [04:23<02:16,  3.27it/s]Processing Relationships:  58%|█████▊    | 609/1055 [04:24<02:09,  3.44it/s]Processing Relationships:  58%|█████▊    | 610/1055 [04:24<02:21,  3.14it/s]Processing Relationships:  58%|█████▊    | 611/1055 [04:24<02:14,  3.31it/s]Processing Relationships:  58%|█████▊    | 612/1055 [04:24<02:05,  3.53it/s]Processing Relationships:  58%|█████▊    | 613/1055 [04:25<02:18,  3.20it/s]Processing Relationships:  58%|█████▊    | 614/1055 [04:25<02:08,  3.42it/s]Processing Relationships:  58%|█████▊    | 615/1055 [04:25<02:01,  3.62it/s]Processing Relationships:  58%|█████▊    | 616/1055 [04:26<02:10,  3.35it/s]Processing Relationships:  58%|█████▊    | 617/1055 [04:26<02:04,  3.52it/s]Processing Relationships:  59%|█████▊    | 618/1055 [04:26<02:12,  3.31it/s]Processing Relationships:  59%|█████▊    | 619/1055 [04:26<01:58,  3.69it/s]Processing Relationships:  59%|█████▉    | 620/1055 [04:27<01:45,  4.11it/s]Processing Relationships:  59%|█████▉    | 621/1055 [04:27<01:49,  3.96it/s]Processing Relationships:  59%|█████▉    | 622/1055 [04:27<01:38,  4.39it/s]Processing Relationships:  59%|█████▉    | 623/1055 [04:27<01:57,  3.69it/s]Processing Relationships:  59%|█████▉    | 624/1055 [04:28<01:58,  3.63it/s]Processing Relationships:  59%|█████▉    | 625/1055 [04:28<01:58,  3.63it/s]Processing Relationships:  59%|█████▉    | 626/1055 [04:28<02:16,  3.15it/s]Processing Relationships:  59%|█████▉    | 627/1055 [04:29<02:12,  3.24it/s]Processing Relationships:  60%|█████▉    | 628/1055 [04:29<02:05,  3.41it/s]Processing Relationships:  60%|█████▉    | 629/1055 [04:29<02:19,  3.06it/s]Processing Relationships:  60%|█████▉    | 630/1055 [04:30<02:11,  3.23it/s]Processing Relationships:  60%|█████▉    | 631/1055 [04:30<02:27,  2.87it/s]Processing Relationships:  60%|█████▉    | 632/1055 [04:30<02:18,  3.04it/s]Processing Relationships:  60%|██████    | 633/1055 [04:31<02:11,  3.21it/s]Processing Relationships:  60%|██████    | 634/1055 [04:31<02:23,  2.94it/s]Processing Relationships:  60%|██████    | 635/1055 [04:31<02:15,  3.09it/s]Processing Relationships:  60%|██████    | 636/1055 [04:32<02:29,  2.80it/s]Processing Relationships:  60%|██████    | 637/1055 [04:32<02:21,  2.95it/s]Processing Relationships:  60%|██████    | 638/1055 [04:32<02:03,  3.38it/s]Processing Relationships:  61%|██████    | 639/1055 [04:33<02:20,  2.96it/s]Processing Relationships:  61%|██████    | 640/1055 [04:33<02:13,  3.12it/s]Processing Relationships:  61%|██████    | 641/1055 [04:33<02:06,  3.26it/s]Processing Relationships:  61%|██████    | 642/1055 [04:34<02:18,  2.99it/s]Processing Relationships:  61%|██████    | 643/1055 [04:34<02:11,  3.13it/s]Processing Relationships:  61%|██████    | 644/1055 [04:34<02:25,  2.83it/s]Processing Relationships:  61%|██████    | 645/1055 [04:35<02:17,  2.98it/s]Processing Relationships:  61%|██████    | 646/1055 [04:35<02:08,  3.19it/s]Processing Relationships:  61%|██████▏   | 647/1055 [04:35<02:21,  2.88it/s]Processing Relationships:  61%|██████▏   | 648/1055 [04:36<02:12,  3.06it/s]Processing Relationships:  62%|██████▏   | 649/1055 [04:36<02:27,  2.75it/s]Processing Relationships:  62%|██████▏   | 650/1055 [04:36<02:18,  2.92it/s]Processing Relationships:  62%|██████▏   | 651/1055 [04:37<02:10,  3.09it/s]Processing Relationships:  62%|██████▏   | 652/1055 [04:37<02:21,  2.84it/s]Processing Relationships:  62%|██████▏   | 653/1055 [04:37<02:14,  3.00it/s]Processing Relationships:  62%|██████▏   | 654/1055 [04:38<02:05,  3.20it/s]Processing Relationships:  62%|██████▏   | 655/1055 [04:38<02:17,  2.91it/s]Processing Relationships:  62%|██████▏   | 656/1055 [04:38<02:09,  3.08it/s]Processing Relationships:  62%|██████▏   | 657/1055 [04:39<02:23,  2.78it/s]Processing Relationships:  62%|██████▏   | 658/1055 [04:39<02:14,  2.96it/s]Processing Relationships:  62%|██████▏   | 659/1055 [04:39<02:06,  3.14it/s]Processing Relationships:  63%|██████▎   | 660/1055 [04:40<02:16,  2.90it/s]Processing Relationships:  63%|██████▎   | 661/1055 [04:40<02:08,  3.06it/s]Processing Relationships:  63%|██████▎   | 662/1055 [04:40<02:22,  2.76it/s]Processing Relationships:  63%|██████▎   | 663/1055 [04:41<02:14,  2.92it/s]Processing Relationships:  63%|██████▎   | 664/1055 [04:41<02:05,  3.12it/s]Processing Relationships:  63%|██████▎   | 665/1055 [04:41<02:18,  2.82it/s]Processing Relationships:  63%|██████▎   | 666/1055 [04:42<02:09,  3.00it/s]Processing Relationships:  63%|██████▎   | 667/1055 [04:42<02:02,  3.18it/s]Processing Relationships:  63%|██████▎   | 668/1055 [04:42<02:11,  2.93it/s]Processing Relationships:  63%|██████▎   | 669/1055 [04:43<02:00,  3.19it/s]Processing Relationships:  64%|██████▎   | 670/1055 [04:43<02:12,  2.91it/s]Processing Relationships:  64%|██████▎   | 671/1055 [04:43<02:06,  3.03it/s]Processing Relationships:  64%|██████▎   | 672/1055 [04:44<01:51,  3.42it/s]Processing Relationships:  64%|██████▍   | 673/1055 [04:44<02:08,  2.97it/s]Processing Relationships:  64%|██████▍   | 674/1055 [04:44<02:02,  3.11it/s]Processing Relationships:  64%|██████▍   | 675/1055 [04:45<01:56,  3.26it/s]Processing Relationships:  64%|██████▍   | 676/1055 [04:45<02:07,  2.98it/s]Processing Relationships:  64%|██████▍   | 677/1055 [04:45<02:01,  3.12it/s]Processing Relationships:  64%|██████▍   | 678/1055 [04:46<02:14,  2.81it/s]Processing Relationships:  64%|██████▍   | 679/1055 [04:46<02:07,  2.96it/s]Processing Relationships:  64%|██████▍   | 680/1055 [04:46<01:58,  3.15it/s]Processing Relationships:  65%|██████▍   | 681/1055 [04:47<02:10,  2.86it/s]Processing Relationships:  65%|██████▍   | 682/1055 [04:47<02:02,  3.04it/s]Processing Relationships:  65%|██████▍   | 683/1055 [04:47<02:16,  2.72it/s]Processing Relationships:  65%|██████▍   | 684/1055 [04:48<02:08,  2.88it/s]Processing Relationships:  65%|██████▍   | 685/1055 [04:48<02:01,  3.05it/s]Processing Relationships:  65%|██████▌   | 686/1055 [04:48<02:12,  2.79it/s]Processing Relationships:  65%|██████▌   | 687/1055 [04:49<02:05,  2.94it/s]Processing Relationships:  65%|██████▌   | 688/1055 [04:49<01:56,  3.16it/s]Processing Relationships:  65%|██████▌   | 689/1055 [04:49<01:51,  3.27it/s]Processing Relationships:  65%|██████▌   | 690/1055 [04:49<01:40,  3.62it/s]Processing Relationships:  65%|██████▌   | 691/1055 [04:50<01:59,  3.04it/s]Processing Relationships:  66%|██████▌   | 692/1055 [04:50<01:55,  3.15it/s]Processing Relationships:  66%|██████▌   | 693/1055 [04:51<01:50,  3.27it/s]Processing Relationships:  66%|██████▌   | 694/1055 [04:51<02:02,  2.94it/s]Processing Relationships:  66%|██████▌   | 695/1055 [04:51<01:56,  3.08it/s]Processing Relationships:  66%|██████▌   | 696/1055 [04:52<02:10,  2.76it/s]Processing Relationships:  66%|██████▌   | 697/1055 [04:52<02:03,  2.91it/s]Processing Relationships:  66%|██████▌   | 698/1055 [04:52<01:55,  3.09it/s]Processing Relationships:  66%|██████▋   | 699/1055 [04:53<02:08,  2.77it/s]Processing Relationships:  66%|██████▋   | 700/1055 [04:53<02:00,  2.96it/s]Processing Relationships:  66%|██████▋   | 701/1055 [04:53<01:45,  3.36it/s]Processing Relationships:  67%|██████▋   | 702/1055 [04:54<01:56,  3.03it/s]Processing Relationships:  67%|██████▋   | 703/1055 [04:54<01:52,  3.14it/s]Processing Relationships:  67%|██████▋   | 704/1055 [04:54<02:06,  2.78it/s]Processing Relationships:  67%|██████▋   | 705/1055 [04:55<01:59,  2.93it/s]Processing Relationships:  67%|██████▋   | 706/1055 [04:55<01:51,  3.12it/s]Processing Relationships:  67%|██████▋   | 707/1055 [04:55<02:04,  2.80it/s]Processing Relationships:  67%|██████▋   | 708/1055 [04:56<01:56,  2.98it/s]Processing Relationships:  67%|██████▋   | 709/1055 [04:56<02:09,  2.68it/s]Processing Relationships:  67%|██████▋   | 710/1055 [04:56<02:01,  2.85it/s]Processing Relationships:  67%|██████▋   | 711/1055 [04:57<01:54,  3.01it/s]Processing Relationships:  67%|██████▋   | 712/1055 [04:57<02:04,  2.75it/s]Processing Relationships:  68%|██████▊   | 713/1055 [04:57<01:57,  2.92it/s]Processing Relationships:  68%|██████▊   | 714/1055 [04:58<01:50,  3.08it/s]Processing Relationships:  68%|██████▊   | 715/1055 [04:58<01:52,  3.03it/s]Processing Relationships:  68%|██████▊   | 716/1055 [04:58<01:38,  3.45it/s]Processing Relationships:  68%|██████▊   | 717/1055 [04:59<01:38,  3.45it/s]Processing Relationships:  68%|██████▊   | 718/1055 [04:59<01:28,  3.81it/s]Processing Relationships:  68%|██████▊   | 719/1055 [04:59<01:20,  4.16it/s]Processing Relationships:  68%|██████▊   | 720/1055 [04:59<01:36,  3.48it/s]Processing Relationships:  68%|██████▊   | 721/1055 [05:00<01:31,  3.66it/s]Processing Relationships:  68%|██████▊   | 722/1055 [05:00<01:32,  3.59it/s]Processing Relationships:  69%|██████▊   | 723/1055 [05:00<01:28,  3.73it/s]Processing Relationships:  69%|██████▊   | 724/1055 [05:00<01:30,  3.67it/s]Processing Relationships:  69%|██████▊   | 725/1055 [05:01<01:48,  3.04it/s]Processing Relationships:  69%|██████▉   | 726/1055 [05:01<01:45,  3.13it/s]Processing Relationships:  69%|██████▉   | 727/1055 [05:01<01:42,  3.20it/s]Processing Relationships:  69%|██████▉   | 728/1055 [05:02<01:52,  2.90it/s]Processing Relationships:  69%|██████▉   | 729/1055 [05:02<01:48,  3.01it/s]Processing Relationships:  69%|██████▉   | 730/1055 [05:03<01:59,  2.71it/s]Processing Relationships:  69%|██████▉   | 731/1055 [05:03<01:53,  2.84it/s]Processing Relationships:  69%|██████▉   | 732/1055 [05:03<01:46,  3.03it/s]Processing Relationships:  69%|██████▉   | 733/1055 [05:04<01:53,  2.82it/s]Processing Relationships:  70%|██████▉   | 734/1055 [05:04<01:45,  3.05it/s]Processing Relationships:  70%|██████▉   | 735/1055 [05:04<01:40,  3.18it/s]Processing Relationships:  70%|██████▉   | 736/1055 [05:05<01:50,  2.89it/s]Processing Relationships:  70%|██████▉   | 737/1055 [05:05<01:44,  3.04it/s]Processing Relationships:  70%|██████▉   | 738/1055 [05:05<01:56,  2.73it/s]Processing Relationships:  70%|███████   | 739/1055 [05:06<01:49,  2.89it/s]Processing Relationships:  70%|███████   | 740/1055 [05:06<01:42,  3.08it/s]Processing Relationships:  70%|███████   | 741/1055 [05:06<01:51,  2.81it/s]Processing Relationships:  70%|███████   | 742/1055 [05:07<01:44,  2.99it/s]Processing Relationships:  70%|███████   | 743/1055 [05:07<01:56,  2.68it/s]Processing Relationships:  71%|███████   | 744/1055 [05:07<01:48,  2.86it/s]Processing Relationships:  71%|███████   | 745/1055 [05:08<01:42,  3.03it/s]Processing Relationships:  71%|███████   | 746/1055 [05:08<01:51,  2.76it/s]Processing Relationships:  71%|███████   | 747/1055 [05:08<01:45,  2.92it/s]Processing Relationships:  71%|███████   | 748/1055 [05:09<01:38,  3.11it/s]Processing Relationships:  71%|███████   | 749/1055 [05:09<01:48,  2.82it/s]Processing Relationships:  71%|███████   | 750/1055 [05:09<01:42,  2.97it/s]Processing Relationships:  71%|███████   | 751/1055 [05:10<01:54,  2.66it/s]Processing Relationships:  71%|███████▏  | 752/1055 [05:10<01:43,  2.93it/s]Processing Relationships:  71%|███████▏  | 753/1055 [05:10<01:34,  3.19it/s]Processing Relationships:  71%|███████▏  | 754/1055 [05:11<01:40,  3.01it/s]Processing Relationships:  72%|███████▏  | 755/1055 [05:11<01:33,  3.22it/s]Processing Relationships:  72%|███████▏  | 756/1055 [05:11<01:40,  2.96it/s]Processing Relationships:  72%|███████▏  | 757/1055 [05:12<01:34,  3.16it/s]Processing Relationships:  72%|███████▏  | 758/1055 [05:13<02:22,  2.08it/s]Processing Relationships:  72%|███████▏  | 759/1055 [05:13<02:54,  1.70it/s]Processing Relationships:  72%|███████▏  | 760/1055 [05:14<03:35,  1.37it/s]Processing Relationships:  72%|███████▏  | 761/1055 [05:16<04:38,  1.06it/s]Processing Relationships:  72%|███████▏  | 762/1055 [05:19<08:23,  1.72s/it]Processing Relationships:  72%|███████▏  | 763/1055 [05:20<06:36,  1.36s/it]Processing Relationships:  72%|███████▏  | 764/1055 [05:21<06:13,  1.28s/it]Processing Relationships:  73%|███████▎  | 765/1055 [05:22<05:42,  1.18s/it]Processing Relationships:  73%|███████▎  | 766/1055 [05:23<04:57,  1.03s/it]Processing Relationships:  73%|███████▎  | 767/1055 [05:35<21:39,  4.51s/it]Processing Relationships:  73%|███████▎  | 768/1055 [05:37<16:55,  3.54s/it]Processing Relationships:  73%|███████▎  | 769/1055 [05:39<15:12,  3.19s/it]Processing Relationships:  73%|███████▎  | 770/1055 [05:41<12:57,  2.73s/it]Processing Relationships:  73%|███████▎  | 771/1055 [05:46<16:03,  3.39s/it]Processing Relationships:  73%|███████▎  | 772/1055 [05:47<13:01,  2.76s/it]Processing Relationships:  73%|███████▎  | 773/1055 [05:50<13:13,  2.81s/it]Processing Relationships:  73%|███████▎  | 774/1055 [05:57<19:29,  4.16s/it]Processing Relationships:  73%|███████▎  | 775/1055 [06:03<21:27,  4.60s/it]Processing Relationships:  74%|███████▎  | 776/1055 [06:06<19:33,  4.20s/it]Processing Relationships:  74%|███████▎  | 777/1055 [06:06<14:01,  3.03s/it]Processing Relationships:  74%|███████▎  | 778/1055 [06:09<13:43,  2.97s/it]Processing Relationships:  74%|███████▍  | 779/1055 [06:12<13:36,  2.96s/it]Processing Relationships:  74%|███████▍  | 780/1055 [06:18<18:03,  3.94s/it]Processing Relationships:  74%|███████▍  | 781/1055 [06:21<17:01,  3.73s/it]Processing Relationships:  74%|███████▍  | 782/1055 [06:22<12:50,  2.82s/it]Processing Relationships:  74%|███████▍  | 783/1055 [06:23<10:24,  2.30s/it]Processing Relationships:  74%|███████▍  | 784/1055 [06:27<12:35,  2.79s/it]Processing Relationships:  74%|███████▍  | 785/1055 [06:31<14:03,  3.13s/it]Processing Relationships:  75%|███████▍  | 786/1055 [06:32<11:03,  2.47s/it]Processing Relationships:  75%|███████▍  | 787/1055 [06:33<09:09,  2.05s/it]Processing Relationships:  75%|███████▍  | 788/1055 [06:34<07:49,  1.76s/it]Processing Relationships:  75%|███████▍  | 789/1055 [06:35<06:55,  1.56s/it]Processing Relationships:  75%|███████▍  | 790/1055 [06:36<06:05,  1.38s/it]Processing Relationships:  75%|███████▍  | 791/1055 [06:40<08:43,  1.98s/it]Processing Relationships:  75%|███████▌  | 792/1055 [06:41<08:25,  1.92s/it]Processing Relationships:  75%|███████▌  | 793/1055 [06:42<06:23,  1.46s/it]Processing Relationships:  75%|███████▌  | 794/1055 [06:44<06:58,  1.60s/it]Processing Relationships:  75%|███████▌  | 795/1055 [06:45<05:55,  1.37s/it]Processing Relationships:  75%|███████▌  | 796/1055 [06:45<04:30,  1.05s/it]Processing Relationships:  76%|███████▌  | 797/1055 [06:45<03:24,  1.26it/s]Processing Relationships:  76%|███████▌  | 798/1055 [06:45<02:37,  1.63it/s]Processing Relationships:  76%|███████▌  | 799/1055 [06:46<02:43,  1.56it/s]Processing Relationships:  76%|███████▌  | 800/1055 [06:47<02:40,  1.59it/s]Processing Relationships:  76%|███████▌  | 801/1055 [06:50<06:25,  1.52s/it]Processing Relationships:  76%|███████▌  | 802/1055 [06:55<10:54,  2.59s/it]Processing Relationships:  76%|███████▌  | 803/1055 [06:56<08:17,  1.98s/it]Processing Relationships:  76%|███████▌  | 804/1055 [06:57<06:55,  1.66s/it]Processing Relationships:  76%|███████▋  | 805/1055 [06:58<06:54,  1.66s/it]Processing Relationships:  76%|███████▋  | 806/1055 [07:00<07:20,  1.77s/it]Processing Relationships:  76%|███████▋  | 807/1055 [07:01<06:15,  1.51s/it]Processing Relationships:  77%|███████▋  | 808/1055 [07:02<05:16,  1.28s/it]Processing Relationships:  77%|███████▋  | 809/1055 [07:03<05:07,  1.25s/it]Processing Relationships:  77%|███████▋  | 810/1055 [07:05<05:09,  1.26s/it]Processing Relationships:  77%|███████▋  | 811/1055 [07:05<04:28,  1.10s/it]Processing Relationships:  77%|███████▋  | 812/1055 [07:06<04:01,  1.01it/s]Processing Relationships:  77%|███████▋  | 813/1055 [07:07<03:58,  1.01it/s]Processing Relationships:  77%|███████▋  | 814/1055 [07:08<04:02,  1.01s/it]Processing Relationships:  77%|███████▋  | 815/1055 [07:12<07:59,  2.00s/it]Processing Relationships:  77%|███████▋  | 816/1055 [07:13<06:15,  1.57s/it]Processing Relationships:  77%|███████▋  | 817/1055 [07:14<05:09,  1.30s/it]Processing Relationships:  78%|███████▊  | 818/1055 [07:14<04:24,  1.12s/it]Processing Relationships:  78%|███████▊  | 819/1055 [07:15<04:15,  1.08s/it]Processing Relationships:  78%|███████▊  | 820/1055 [07:16<03:37,  1.08it/s]Processing Relationships:  78%|███████▊  | 821/1055 [07:16<03:17,  1.19it/s]Processing Relationships:  78%|███████▊  | 822/1055 [07:17<03:05,  1.26it/s]Processing Relationships:  78%|███████▊  | 823/1055 [07:18<02:46,  1.40it/s]Processing Relationships:  78%|███████▊  | 824/1055 [07:18<02:38,  1.46it/s]Processing Relationships:  78%|███████▊  | 825/1055 [07:19<02:43,  1.40it/s]Processing Relationships:  78%|███████▊  | 826/1055 [07:20<02:44,  1.39it/s]Processing Relationships:  78%|███████▊  | 827/1055 [07:20<02:27,  1.54it/s]Processing Relationships:  78%|███████▊  | 828/1055 [07:21<02:32,  1.49it/s]Processing Relationships:  79%|███████▊  | 829/1055 [07:22<02:38,  1.43it/s]Processing Relationships:  79%|███████▊  | 830/1055 [07:22<02:38,  1.42it/s]Processing Relationships:  79%|███████▉  | 831/1055 [07:23<02:35,  1.44it/s]Processing Relationships:  79%|███████▉  | 832/1055 [07:24<02:26,  1.52it/s]Processing Relationships:  79%|███████▉  | 833/1055 [07:24<02:31,  1.47it/s]Processing Relationships:  79%|███████▉  | 834/1055 [07:25<02:30,  1.46it/s]Processing Relationships:  79%|███████▉  | 835/1055 [07:26<02:33,  1.43it/s]Processing Relationships:  79%|███████▉  | 836/1055 [07:27<03:00,  1.21it/s]Processing Relationships:  79%|███████▉  | 837/1055 [07:28<02:46,  1.31it/s]Processing Relationships:  79%|███████▉  | 838/1055 [07:29<03:44,  1.03s/it]Processing Relationships:  80%|███████▉  | 839/1055 [07:30<03:24,  1.06it/s]Processing Relationships:  80%|███████▉  | 840/1055 [07:31<03:05,  1.16it/s]Processing Relationships:  80%|███████▉  | 841/1055 [07:31<02:56,  1.21it/s]Processing Relationships:  80%|███████▉  | 842/1055 [07:32<02:43,  1.31it/s]Processing Relationships:  80%|███████▉  | 843/1055 [07:33<02:41,  1.32it/s]Processing Relationships:  80%|████████  | 844/1055 [07:34<02:38,  1.33it/s]Processing Relationships:  80%|████████  | 845/1055 [07:34<02:36,  1.34it/s]Processing Relationships:  80%|████████  | 846/1055 [07:35<02:23,  1.46it/s]Processing Relationships:  80%|████████  | 847/1055 [07:36<02:24,  1.44it/s]Processing Relationships:  80%|████████  | 848/1055 [07:36<02:28,  1.40it/s]Processing Relationships:  80%|████████  | 849/1055 [07:37<02:27,  1.40it/s]Processing Relationships:  81%|████████  | 850/1055 [07:38<02:29,  1.37it/s]Processing Relationships:  81%|████████  | 851/1055 [07:38<02:20,  1.45it/s]Processing Relationships:  81%|████████  | 852/1055 [07:39<02:24,  1.41it/s]Processing Relationships:  81%|████████  | 853/1055 [07:40<02:23,  1.41it/s]Processing Relationships:  81%|████████  | 854/1055 [07:41<02:26,  1.38it/s]Processing Relationships:  81%|████████  | 855/1055 [07:41<02:12,  1.51it/s]Processing Relationships:  81%|████████  | 856/1055 [07:42<02:17,  1.45it/s]Processing Relationships:  81%|████████  | 857/1055 [07:43<02:35,  1.27it/s]Processing Relationships:  81%|████████▏ | 858/1055 [07:44<02:29,  1.32it/s]Processing Relationships:  81%|████████▏ | 859/1055 [07:44<02:19,  1.41it/s]Processing Relationships:  82%|████████▏ | 860/1055 [07:45<02:11,  1.48it/s]Processing Relationships:  82%|████████▏ | 861/1055 [07:46<02:15,  1.43it/s]Processing Relationships:  82%|████████▏ | 862/1055 [07:46<02:14,  1.43it/s]Processing Relationships:  82%|████████▏ | 863/1055 [07:47<02:18,  1.39it/s]Processing Relationships:  82%|████████▏ | 864/1055 [07:48<02:10,  1.47it/s]Processing Relationships:  82%|████████▏ | 865/1055 [07:48<02:14,  1.42it/s]Processing Relationships:  82%|████████▏ | 866/1055 [07:49<02:14,  1.41it/s]Processing Relationships:  82%|████████▏ | 867/1055 [07:50<02:14,  1.40it/s]Processing Relationships:  82%|████████▏ | 868/1055 [07:50<01:56,  1.61it/s]Processing Relationships:  82%|████████▏ | 869/1055 [07:51<01:47,  1.73it/s]Processing Relationships:  82%|████████▏ | 870/1055 [07:51<01:40,  1.84it/s]Processing Relationships:  83%|████████▎ | 871/1055 [07:52<02:17,  1.34it/s]Processing Relationships:  83%|████████▎ | 872/1055 [07:53<02:14,  1.36it/s]Processing Relationships:  83%|████████▎ | 873/1055 [07:54<02:14,  1.35it/s]Processing Relationships:  83%|████████▎ | 874/1055 [07:54<02:05,  1.44it/s]Processing Relationships:  83%|████████▎ | 875/1055 [07:55<02:08,  1.40it/s]Processing Relationships:  83%|████████▎ | 876/1055 [07:56<02:07,  1.40it/s]Processing Relationships:  83%|████████▎ | 877/1055 [07:57<02:09,  1.38it/s]Processing Relationships:  83%|████████▎ | 878/1055 [07:57<02:00,  1.47it/s]Processing Relationships:  83%|████████▎ | 879/1055 [07:58<02:03,  1.42it/s]Processing Relationships:  83%|████████▎ | 880/1055 [07:59<02:02,  1.43it/s]Processing Relationships:  84%|████████▎ | 881/1055 [07:59<02:04,  1.40it/s]Processing Relationships:  84%|████████▎ | 882/1055 [08:00<01:55,  1.50it/s]Processing Relationships:  84%|████████▎ | 883/1055 [08:01<01:59,  1.44it/s]Processing Relationships:  84%|████████▍ | 884/1055 [08:01<02:00,  1.42it/s]Processing Relationships:  84%|████████▍ | 885/1055 [08:02<01:55,  1.47it/s]Processing Relationships:  84%|████████▍ | 887/1055 [08:02<01:18,  2.14it/s]Processing Relationships:  84%|████████▍ | 888/1055 [08:03<01:08,  2.45it/s]Processing Relationships:  84%|████████▍ | 890/1055 [08:03<00:45,  3.59it/s]Processing Relationships:  84%|████████▍ | 891/1055 [08:03<00:41,  3.99it/s]Processing Relationships:  85%|████████▍ | 893/1055 [08:03<00:30,  5.29it/s]Processing Relationships:  85%|████████▍ | 895/1055 [08:03<00:24,  6.58it/s]Processing Relationships:  85%|████████▍ | 896/1055 [08:04<00:23,  6.68it/s]Processing Relationships:  85%|████████▌ | 898/1055 [08:04<00:19,  7.88it/s]Processing Relationships:  85%|████████▌ | 899/1055 [08:04<00:20,  7.67it/s]Processing Relationships:  85%|████████▌ | 901/1055 [08:04<00:17,  8.61it/s]Processing Relationships:  85%|████████▌ | 902/1055 [08:04<00:18,  8.12it/s]Processing Relationships:  86%|████████▌ | 904/1055 [08:04<00:17,  8.74it/s]Processing Relationships:  86%|████████▌ | 906/1055 [08:05<00:15,  9.60it/s]Processing Relationships:  86%|████████▌ | 907/1055 [08:05<00:16,  9.03it/s]Processing Relationships:  86%|████████▌ | 909/1055 [08:05<00:14,  9.82it/s]Processing Relationships:  86%|████████▋ | 910/1055 [08:05<00:25,  5.63it/s]Processing Relationships:  86%|████████▋ | 912/1055 [08:06<00:21,  6.66it/s]Processing Relationships:  87%|████████▋ | 914/1055 [08:06<00:17,  8.21it/s]Processing Relationships:  87%|████████▋ | 916/1055 [08:06<00:15,  8.71it/s]Processing Relationships:  87%|████████▋ | 918/1055 [08:06<00:16,  8.41it/s]Processing Relationships:  87%|████████▋ | 920/1055 [08:06<00:14,  9.44it/s]Processing Relationships:  87%|████████▋ | 922/1055 [08:06<00:12, 10.51it/s]Processing Relationships:  88%|████████▊ | 924/1055 [08:07<00:11, 11.16it/s]Processing Relationships:  88%|████████▊ | 926/1055 [08:07<00:12, 10.50it/s]Processing Relationships:  88%|████████▊ | 928/1055 [08:07<00:11, 11.18it/s]Processing Relationships:  88%|████████▊ | 930/1055 [08:07<00:10, 11.62it/s]Processing Relationships:  88%|████████▊ | 932/1055 [08:07<00:10, 12.02it/s]Processing Relationships:  89%|████████▊ | 934/1055 [08:08<00:11, 10.97it/s]Processing Relationships:  89%|████████▊ | 936/1055 [08:08<00:10, 11.15it/s]Processing Relationships:  89%|████████▉ | 938/1055 [08:08<00:10, 10.94it/s]Processing Relationships:  89%|████████▉ | 940/1055 [08:08<00:12,  9.54it/s]Processing Relationships:  89%|████████▉ | 942/1055 [08:08<00:11,  9.93it/s]Processing Relationships:  89%|████████▉ | 944/1055 [08:09<00:11,  9.93it/s]Processing Relationships:  90%|████████▉ | 946/1055 [08:09<00:10, 10.15it/s]Processing Relationships:  90%|████████▉ | 948/1055 [08:09<00:12,  8.85it/s]Processing Relationships:  90%|█████████ | 950/1055 [08:09<00:11,  9.34it/s]Processing Relationships:  90%|█████████ | 951/1055 [08:09<00:11,  8.73it/s]Processing Relationships:  90%|█████████ | 953/1055 [08:10<00:10,  9.31it/s]Processing Relationships:  90%|█████████ | 954/1055 [08:10<00:11,  8.63it/s]Processing Relationships:  91%|█████████ | 956/1055 [08:10<00:10,  9.22it/s]Processing Relationships:  91%|█████████ | 958/1055 [08:10<00:09,  9.81it/s]Processing Relationships:  91%|█████████ | 959/1055 [08:10<00:10,  9.07it/s]Processing Relationships:  91%|█████████ | 961/1055 [08:10<00:09,  9.76it/s]Processing Relationships:  91%|█████████ | 962/1055 [08:11<00:10,  9.02it/s]Processing Relationships:  91%|█████████▏| 964/1055 [08:11<00:09,  9.68it/s]Processing Relationships:  91%|█████████▏| 965/1055 [08:11<00:10,  8.91it/s]Processing Relationships:  92%|█████████▏| 967/1055 [08:11<00:08,  9.78it/s]Processing Relationships:  92%|█████████▏| 968/1055 [08:11<00:09,  9.52it/s]Processing Relationships:  92%|█████████▏| 970/1055 [08:11<00:07, 10.63it/s]Processing Relationships:  92%|█████████▏| 972/1055 [08:11<00:07, 11.61it/s]Processing Relationships:  92%|█████████▏| 974/1055 [08:12<00:06, 12.08it/s]Processing Relationships:  93%|█████████▎| 976/1055 [08:12<00:07, 11.10it/s]Processing Relationships:  93%|█████████▎| 978/1055 [08:12<00:06, 11.69it/s]Processing Relationships:  93%|█████████▎| 980/1055 [08:12<00:06, 10.72it/s]Processing Relationships:  93%|█████████▎| 982/1055 [08:12<00:06, 11.16it/s]Processing Relationships:  93%|█████████▎| 984/1055 [08:13<00:07,  9.63it/s]Processing Relationships:  93%|█████████▎| 986/1055 [08:13<00:06,  9.90it/s]Processing Relationships:  94%|█████████▎| 988/1055 [08:13<00:06,  9.76it/s]Processing Relationships:  94%|█████████▍| 990/1055 [08:13<00:07,  8.55it/s]Processing Relationships:  94%|█████████▍| 992/1055 [08:14<00:07,  8.92it/s]Processing Relationships:  94%|█████████▍| 994/1055 [08:14<00:06,  9.45it/s]Processing Relationships:  94%|█████████▍| 995/1055 [08:14<00:06,  8.83it/s]Processing Relationships:  95%|█████████▍| 997/1055 [08:14<00:06,  9.37it/s]Processing Relationships:  95%|█████████▍| 998/1055 [08:14<00:06,  8.66it/s]Processing Relationships:  95%|█████████▍| 1000/1055 [08:14<00:05,  9.22it/s]Processing Relationships:  95%|█████████▍| 1001/1055 [08:15<00:06,  8.49it/s]Processing Relationships:  95%|█████████▌| 1003/1055 [08:15<00:05,  9.10it/s]Processing Relationships:  95%|█████████▌| 1004/1055 [08:15<00:06,  8.28it/s]Processing Relationships:  95%|█████████▌| 1006/1055 [08:15<00:05,  8.78it/s]Processing Relationships:  96%|█████████▌| 1008/1055 [08:15<00:04,  9.40it/s]Processing Relationships:  96%|█████████▌| 1009/1055 [08:15<00:05,  8.69it/s]Processing Relationships:  96%|█████████▌| 1011/1055 [08:16<00:04,  9.25it/s]Processing Relationships:  96%|█████████▌| 1012/1055 [08:16<00:05,  8.50it/s]Processing Relationships:  96%|█████████▌| 1014/1055 [08:16<00:04,  9.03it/s]Processing Relationships:  96%|█████████▌| 1015/1055 [08:16<00:04,  8.23it/s]Processing Relationships:  96%|█████████▋| 1017/1055 [08:16<00:04,  8.80it/s]Processing Relationships:  97%|█████████▋| 1019/1055 [08:16<00:03, 10.21it/s]Processing Relationships:  97%|█████████▋| 1021/1055 [08:17<00:03, 10.98it/s]Processing Relationships:  97%|█████████▋| 1023/1055 [08:17<00:03,  9.25it/s]Processing Relationships:  97%|█████████▋| 1025/1055 [08:17<00:03,  9.53it/s]Processing Relationships:  97%|█████████▋| 1026/1055 [08:17<00:03,  8.70it/s]Processing Relationships:  97%|█████████▋| 1028/1055 [08:17<00:02,  9.08it/s]Processing Relationships:  98%|█████████▊| 1030/1055 [08:18<00:02,  9.59it/s]Processing Relationships:  98%|█████████▊| 1031/1055 [08:18<00:02,  8.86it/s]Processing Relationships:  98%|█████████▊| 1033/1055 [08:18<00:02,  9.39it/s]Processing Relationships:  98%|█████████▊| 1034/1055 [08:18<00:02,  8.68it/s]Processing Relationships:  98%|█████████▊| 1036/1055 [08:18<00:01, 10.08it/s]Processing Relationships:  98%|█████████▊| 1038/1055 [08:19<00:01,  9.71it/s]Processing Relationships:  98%|█████████▊| 1039/1055 [08:19<00:01,  8.98it/s]Processing Relationships:  99%|█████████▊| 1040/1055 [08:19<00:01,  8.17it/s]Processing Relationships:  99%|█████████▉| 1042/1055 [08:19<00:01,  8.72it/s]Processing Relationships:  99%|█████████▉| 1044/1055 [08:19<00:01,  9.16it/s]Processing Relationships:  99%|█████████▉| 1045/1055 [08:19<00:01,  8.50it/s]Processing Relationships:  99%|█████████▉| 1047/1055 [08:20<00:00,  9.17it/s]Processing Relationships:  99%|█████████▉| 1048/1055 [08:20<00:01,  4.86it/s]Processing Relationships:  99%|█████████▉| 1049/1055 [08:20<00:01,  4.92it/s]Processing Relationships: 100%|█████████▉| 1050/1055 [08:21<00:01,  3.25it/s]Processing Relationships: 100%|█████████▉| 1051/1055 [08:22<00:01,  2.03it/s]Processing Relationships: 100%|█████████▉| 1052/1055 [08:22<00:01,  2.15it/s]Processing Relationships: 100%|█████████▉| 1053/1055 [08:25<00:02,  1.05s/it]Processing Relationships: 100%|█████████▉| 1054/1055 [08:29<00:01,  1.85s/it]Processing Relationships: 100%|██████████| 1055/1055 [08:29<00:00,  1.35s/it]Processing Relationships: 100%|██████████| 1055/1055 [08:29<00:00,  2.07it/s]
INFO:utils.doxygen_extractor:Successfully parsed index.xml. Found 2239 relationships, saved to lil_expanded_dealed_relationships.json
Extracting call graph:   0%|          | 0/1055 [00:00<?, ?it/s]Extracting call graph: 100%|██████████| 1055/1055 [00:00<00:00, 16944.25it/s]
Traceback (most recent call last):
  File "/home/yunzez/c2rust_testing/tools/frameworks/ptrtrans_rebuild/ptrtrans_venv/lib/python3.11/site-packages/openai/api_requestor.py", line 413, in handle_error_response
    error_data = resp["error"]
                 ~~~~^^^^^^^^^
TypeError: string indices must be integers, not 'str'

During handling of the above exception, another exception occurred:

Traceback (most recent call last):
  File "/home/yunzez/c2rust_testing/tools/frameworks/ptrtrans_rebuild/ptrtrans_venv/lib/python3.11/site-packages/tenacity/__init__.py", line 473, in __call__
    result = fn(*args, **kwargs)
             ^^^^^^^^^^^^^^^^^^^
  File "/home/yunzez/c2rust_testing/tools/frameworks/ptrtrans_rebuild/PtrTrans-C2Rust/script/generator.py", line 27, in chat_completion_with_backoff
    return openai.ChatCompletion.create(**kwargs)
           ^^^^^^^^^^^^^^^^^^^^^^^^^^^^^^^^^^^^^^
  File "/home/yunzez/c2rust_testing/tools/frameworks/ptrtrans_rebuild/ptrtrans_venv/lib/python3.11/site-packages/openai/api_resources/chat_completion.py", line 25, in create
    return super().create(*args, **kwargs)
           ^^^^^^^^^^^^^^^^^^^^^^^^^^^^^^^
  File "/home/yunzez/c2rust_testing/tools/frameworks/ptrtrans_rebuild/ptrtrans_venv/lib/python3.11/site-packages/openai/api_resources/abstract/engine_api_resource.py", line 155, in create
    response, _, api_key = requestor.request(
                           ^^^^^^^^^^^^^^^^^^
  File "/home/yunzez/c2rust_testing/tools/frameworks/ptrtrans_rebuild/ptrtrans_venv/lib/python3.11/site-packages/openai/api_requestor.py", line 299, in request
    resp, got_stream = self._interpret_response(result, stream)
                       ^^^^^^^^^^^^^^^^^^^^^^^^^^^^^^^^^^^^^^^^
  File "/home/yunzez/c2rust_testing/tools/frameworks/ptrtrans_rebuild/ptrtrans_venv/lib/python3.11/site-packages/openai/api_requestor.py", line 710, in _interpret_response
    self._interpret_response_line(
  File "/home/yunzez/c2rust_testing/tools/frameworks/ptrtrans_rebuild/ptrtrans_venv/lib/python3.11/site-packages/openai/api_requestor.py", line 775, in _interpret_response_line
    raise self.handle_error_response(
          ^^^^^^^^^^^^^^^^^^^^^^^^^^^
  File "/home/yunzez/c2rust_testing/tools/frameworks/ptrtrans_rebuild/ptrtrans_venv/lib/python3.11/site-packages/openai/api_requestor.py", line 415, in handle_error_response
    raise error.APIError(
openai.error.APIError: Invalid response object from API: '{\n  "error": {\n    "message": "Incorrect API key provided: sk-dummy. You can find your API key at https://platform.openai.com/account/api-keys.",\n    "type": "invalid_request_error",\n    "code": "invalid_api_key",\n    "param": null\n  },\n  "status": 401\n}' (HTTP response code was 401)

The above exception was the direct cause of the following exception:

Traceback (most recent call last):
  File "/home/yunzez/c2rust_testing/tools/frameworks/ptrtrans_rebuild/PtrTrans-C2Rust/script/main.py", line 1773, in <module>
    instance.trans_PA()
  File "/home/yunzez/c2rust_testing/tools/frameworks/ptrtrans_rebuild/PtrTrans-C2Rust/script/main.py", line 301, in trans_PA
    trans_metadata_path, entities_path, relationships_path, c_topo_sort_str = self.translation_setup();
                                                                              ^^^^^^^^^^^^^^^^^^^^^^^^
  File "/home/yunzez/c2rust_testing/tools/frameworks/ptrtrans_rebuild/PtrTrans-C2Rust/script/main.py", line 64, in translation_setup
    rust_pj_tree_str, file_map_str = self.translator._pj_tree_trans(c_project_tree)
                                     ^^^^^^^^^^^^^^^^^^^^^^^^^^^^^^^^^^^^^^^^^^^^^^
  File "/home/yunzez/c2rust_testing/tools/frameworks/ptrtrans_rebuild/PtrTrans-C2Rust/script/translator.py", line 34, in _pj_tree_trans
    response = self.generator.get_response(t_prompt)
               ^^^^^^^^^^^^^^^^^^^^^^^^^^^^^^^^^^^^^
  File "/home/yunzez/c2rust_testing/tools/frameworks/ptrtrans_rebuild/PtrTrans-C2Rust/script/generator.py", line 67, in get_response
    response = chat_completion_with_backoff(model=self.model_name, messages=messages, max_completion_tokens=16384, n=num_results)
               ^^^^^^^^^^^^^^^^^^^^^^^^^^^^^^^^^^^^^^^^^^^^^^^^^^^^^^^^^^^^^^^^^^^^^^^^^^^^^^^^^^^^^^^^^^^^^^^^^^^^^^^^^^^^^^^^^^
  File "/home/yunzez/c2rust_testing/tools/frameworks/ptrtrans_rebuild/ptrtrans_venv/lib/python3.11/site-packages/tenacity/__init__.py", line 331, in wrapped_f
    return copy(f, *args, **kw)
           ^^^^^^^^^^^^^^^^^^^^
  File "/home/yunzez/c2rust_testing/tools/frameworks/ptrtrans_rebuild/ptrtrans_venv/lib/python3.11/site-packages/tenacity/__init__.py", line 470, in __call__
    do = self.iter(retry_state=retry_state)
         ^^^^^^^^^^^^^^^^^^^^^^^^^^^^^^^^^^
  File "/home/yunzez/c2rust_testing/tools/frameworks/ptrtrans_rebuild/ptrtrans_venv/lib/python3.11/site-packages/tenacity/__init__.py", line 371, in iter
    result = action(retry_state)
             ^^^^^^^^^^^^^^^^^^^
  File "/home/yunzez/c2rust_testing/tools/frameworks/ptrtrans_rebuild/ptrtrans_venv/lib/python3.11/site-packages/tenacity/__init__.py", line 414, in exc_check
    raise retry_exc from fut.exception()
tenacity.RetryError: RetryError[<Future at 0x7f2c3b94a890 state=finished raised APIError>]
